Pathway ID,Pathway Name,k (input hits),K (pathway size),p-value,Compound IDs,FDR (BH),Significant,-log10(FDR)
path:map04976,Bile secretion,15,97,7.401767100821546e-14,C00051;C00575;C00735;C00805;C01405;C01576;C01937;C01996;C02165;C02166;C05551;C06804;C06999;C07394;C11231,1.6876028989873124e-11,True,10.772729737252522
path:map04080,Neuroactive ligand-receptor interaction,10,53,1.5232566906680572e-10,C00212;C00245;C00388;C00547;C00735;C00788;C01996;C02165;C02166;C05951,1.7365126273615853e-08,True,7.760322054291878
path:map05207,Chemical carcinogenesis - receptor activation,8,29,4.1593570226989717e-10,C00547;C00575;C00745;C00788;C04623;C07434;C07535;C13624,3.1611113372512183e-08,True,7.5001602076396034
path:map04924,Renin secretion,5,17,6.414486302520551e-07,C00212;C00533;C00547;C00575;C00788,3.6562571924367145e-05,True,4.4369632622469055
path:map02020,Two-component system,7,56,1.7612001379516224e-06,C00007;C00237;C00244;C00533;C00547;C00788;C06689,8.031072629059399e-05,True,4.095226446530574
path:map04261,Adrenergic signaling in cardiomyocytes,4,10,2.2560515123852265e-06,C00547;C00575;C00788;C07056,8.572995747063861e-05,True,4.066867391720269
path:map04082,Neuroactive ligand signaling,6,40,3.3202189323872894e-06,C00212;C00388;C00547;C00575;C00788;C01996,0.00010814427379775743,True,3.965996471360111
path:map04024,cAMP signaling pathway,5,25,5.147963904779238e-06,C00212;C00547;C00575;C00788;C01996,0.0001467169712862083,True,3.8335196468271584
path:map04923,Regulation of lipolysis in adipocytes,4,14,1.0408919052464845e-05,C00212;C00547;C00575;C00788,0.00024776024272000265,True,3.605968382191526
path:map05310,Asthma,3,5,1.0866677312280818e-05,C00388;C02166;C05951,0.00024776024272000265,True,3.605968382191526
path:map05200,Pathways in cancer,5,31,1.565171307231719e-05,C00533;C00575;C00735;C00777;C01471,0.00032441732549893815,True,3.4888959603558813
path:map04270,Vascular smooth muscle contraction,4,16,1.861959786076203e-05,C00212;C00533;C00547;C00575,0.00035377235935447855,True,3.4512761020333174
path:map04970,Salivary secretion,4,17,2.415133608553432e-05,C00533;C00547;C00575;C01996,0.00042357727903860197,True,3.37306734377892
path:map04750,Inflammatory mediator regulation of TRP channels,5,35,2.8914129496553584e-05,C00388;C00575;C02165;C06866;C09844,0.00047088725180101555,True,3.3270830669312765
path:map04211,Longevity regulating pathway,3,8,5.946618978684236e-05,C00575;C03582;C07909,0.0009038860847600039,True,3.0438862994776104
path:map02010,ABC transporters,8,138,9.813656789083012e-05,C00051;C00212;C00244;C00245;C00338;C00719;C05349;C07663,0.0013984460924443291,True,2.8543542702328866
path:map05332,Graft-versus-host disease,2,2,0.00010735781617497268,C00338;C00533,0.0014398577698761042,True,2.841680405688568
path:map04022,cGMP-PKG signaling pathway,3,10,0.00012548587275990644,C00212;C00533;C00575,0.0015058304731188773,True,2.822223918396401
path:map05133,Pertussis,3,10,0.00012548587275990644,C00253;C00338;C00575,0.0015058304731188773,True,2.822223918396401
path:map01120,Microbial metabolism in diverse environments,26,1153,0.00015610484469401136,C00067;C00084;C00237;C00244;C00253;C00283;C00533;C00745;C00805;C03664;C04623;C06551;C06604;C06988;C07083;C07092;C07130;C07481;C07535;C09871;C11249;C11422;C13624;C13747;C14335;C14519,0.001774507544271227,True,2.7509221499211227
path:map04540,Gap junction,3,11,0.0001712244121665219,C00533;C00547;C00575,0.001774507544271227,True,2.7509221499211227
path:map04664,Fc epsilon RI signaling pathway,3,11,0.0001712244121665219,C00388;C02166;C05951,0.001774507544271227,True,2.7509221499211227
path:map04721,Synaptic vesicle cycle,3,12,0.00022655527260273073,C00388;C00547;C01996,0.0022458522675401133,True,2.6486188150835934
path:map05208,Chemical carcinogenesis - reactive oxygen species,5,57,0.00031005447485757615,C00007;C00051;C00084;C04623;C07535,0.0029455175111469736,True,2.530838391032929
path:map04971,Gastric acid secretion,3,14,0.00036914518386504605,C00388;C00575;C01996,0.00336660407684922,True,2.472807954995936
path:map04066,HIF-1 signaling pathway,3,15,0.0004579117660149621,C00007;C00338;C00533,0.004015533948131206,True,2.3962566981290134
path:map04081,Hormone signaling,3,19,0.0009458204830759923,C00547;C00575;C00788,0.007986928523752825,True,2.0976202021180024
path:map04981,Folate transport and metabolism,3,20,0.0011042629187527912,C00719;C01937;C01996,0.008392398182521214,True,2.076113918955426
path:map00910,Nitrogen metabolism,3,20,0.0011042629187527912,C00007;C00244;C00533,0.008392398182521214,True,2.076113918955426
path:map04010,MAPK signaling pathway,2,5,0.0010516764899863153,C00338;C00575,0.008392398182521214,True,2.076113918955426
path:map01100,Metabolic pathways,51,3250,0.001145348741255564,C00007;C00051;C00067;C00084;C00212;C00237;C00244;C00245;C00253;C00283;C00338;C00388;C00389;C00413;C00473;C00533;C00547;C00575;C00719;C00735;C00745;C00777;C00788;C00791;C00805;C01416;C01477;C01575;C01594;C01912;C02165;C02166;C02483;C05951;C06081;C06551;C06689;C06866;C06972;C07044;C07083;C07092;C07130;C07204;C07394;C07481;C09306;C09789;C11422;C13624;C13747,0.008423855258266728,True,2.0744891039636078
path:map04918,Thyroid hormone synthesis,3,21,0.001278508474636137,C00007;C00051;C00575,0.009109372881782478,True,2.0405115202120747
path:map00232,Caffeine metabolism,3,22,0.0014691246994300554,C07130;C07481;C13747,0.01015031610515311,True,1.9935204325698799
path:map05142,Chagas disease,2,6,0.0015667313042048347,C00533;C00575,0.01020613535310578,True,1.991138676380315
path:map04926,Relaxin signaling pathway,2,6,0.0015667313042048347,C00533;C00575,0.01020613535310578,True,1.991138676380315
path:map04714,Thermogenesis,3,23,0.0016766565502689282,C00547;C00575;C00745,0.01061882481836988,True,1.9739235438136513
path:map01052,Type I polyketide structures,3,25,0.0021445369656466896,C01912;C06573;C07909,0.01307065572242846,True,1.8837026243942874
path:map05033,Nicotine addiction,2,7,0.0021784426204047433,C00745;C01996,0.01307065572242846,True,1.8837026243942874
path:map05012,Parkinson disease,3,26,0.0024058669037209965,C00007;C00212;C00575,0.014065068052522748,True,1.8518581622002654
path:map05032,Morphine addiction,2,8,0.0028847680972773774,C00212;C00575,0.015295979678587025,True,1.8154227020477989
path:map04960,Aldosterone-regulated sodium reabsorption,2,8,0.0028847680972773774,C00575;C00735,0.015295979678587025,True,1.8154227020477989
path:map01310,Nitrogen cycle,2,8,0.0028847680972773774,C00244;C00533,0.015295979678587025,True,1.8154227020477989
path:map04915,Estrogen signaling pathway,2,8,0.0028847680972773774,C00533;C00575,0.015295979678587025,True,1.8154227020477989
path:map04371,Apelin signaling pathway,2,9,0.003683697003246442,C00533;C00575,0.01866406481644864,True,1.7289937659964993
path:map04713,Circadian entrainment,2,9,0.003683697003246442,C00533;C00575,0.01866406481644864,True,1.7289937659964993
path:map04212,Longevity regulating pathway - worm,2,10,0.004573249785868076,C03582;C07909,0.02172293648287336,True,1.6630814676601933
path:map04742,Taste transduction,3,32,0.004385004660198737,C00547;C00575;C01996,0.02172293648287336,True,1.6630814676601933
path:map05034,Alcoholism,2,10,0.004573249785868076,C00212;C00575,0.02172293648287336,True,1.6630814676601933
path:map00624,Polycyclic aromatic hydrocarbon degradation,5,107,0.005191903835127416,C00805;C07535;C11422;C14335;C14519,0.024158246416511243,True,1.6169345931995935
path:map01065,Biosynthesis of alkaloids derived from histidine and purine,3,35,0.005656081339143155,C00388;C07130;C07481,0.025791730906492786,True,1.5885195109867802
path:map04911,Insulin secretion,2,12,0.006616462121508228,C00575;C01996,0.02793617340192363,True,1.553833082267735
path:map04725,Cholinergic synapse,2,12,0.006616462121508228,C00575;C01996,0.02793617340192363,True,1.553833082267735
path:map04921,Oxytocin signaling pathway,2,12,0.006616462121508228,C00533;C00575,0.02793617340192363,True,1.553833082267735
path:map04927,Cortisol synthesis and secretion,2,12,0.006616462121508228,C00575;C00735,0.02793617340192363,True,1.553833082267735
path:map05146,Amoebiasis,2,13,0.0077663146659425406,C00533;C00575,0.0316199954256232,True,1.50003819723198
path:map04934,Cushing syndrome,2,13,0.0077663146659425406,C00575;C00735,0.0316199954256232,True,1.50003819723198
path:map00946,Degradation of flavonoids,3,40,0.008221025764580083,C00389;C01477;C09789,0.03288410305832033,True,1.4830139993919074
path:map05225,Hepatocellular carcinoma,2,14,0.008999176246288789,C00533;C01471,0.034776477697522776,True,1.458714407209522
path:map04611,Platelet activation,2,14,0.008999176246288789,C00533;C00575,0.034776477697522776,True,1.458714407209522
path:map00590,Arachidonic acid metabolism,4,79,0.009252067212570322,C02165;C02166;C05951;C13809,0.035157855407767225,True,1.4539776242973212
path:map04726,Serotonergic synapse,3,42,0.009409099450208314,C00575;C02165;C02166,0.0351684372893032,True,1.4538469291442664
path:map00625,Chloroalkane and chloroalkene degradation,3,43,0.010038703678754132,C00067;C00084;C00237,0.03588888888888889,True,1.445039987108222
path:map04972,Pancreatic secretion,2,15,0.010313216935561687,C00575;C01996,0.03588888888888889,True,1.445039987108222
path:map04340,Hedgehog signaling pathway,1,1,0.010388888888888888,C00575,0.03588888888888889,True,1.445039987108222
path:map05330,Allograft rejection,1,1,0.010388888888888888,C00533,0.03588888888888889,True,1.445039987108222
path:map04071,Sphingolipid signaling pathway,2,15,0.010313216935561687,C00212;C00533,0.03588888888888889,True,1.445039987108222
path:map00920,Sulfur metabolism,3,45,0.01136991024080858,C00084;C00245;C00283,0.03869163484931875,True,1.412382919515312
path:map01320,Sulfur cycle,2,16,0.011706635514678657,C00283;C09306,0.03925166025509903,True,1.406141968870864
path:map01060,Biosynthesis of plant secondary metabolites,5,141,0.015955211042718766,C00253;C06866;C07130;C07481;C13747,0.05272156692376636,False,1.2780116906706358
path:map04672,Intestinal immune network for IgA production,1,2,0.020670419961602803,C00777,0.06120591884734337,False,1.213206577879819
path:map05144,Malaria,1,2,0.020670419961602803,C00533,0.06120591884734337,False,1.213206577879819
path:map04962,Vasopressin-regulated water reabsorption,1,2,0.020670419961602803,C00575,0.06120591884734337,False,1.213206577879819
path:map04111,Cell cycle - yeast,1,2,0.020670419961602803,C00575,0.06120591884734337,False,1.213206577879819
path:map04710,Circadian rhythm,1,2,0.020670419961602803,C00575,0.06120591884734337,False,1.213206577879819
path:map04213,Longevity regulating pathway - multiple species,1,2,0.020670419961602803,C00575,0.06120591884734337,False,1.213206577879819
path:map02024,Quorum sensing,3,55,0.019498269081203452,C00007;C00547;C00788,0.06120591884734337,False,1.213206577879819
path:map05134,Legionellosis,1,2,0.020670419961602803,C00338,0.06120591884734337,False,1.213206577879819
path:map04152,AMPK signaling pathway,2,22,0.021636733425815246,C00389;C09731,0.06324583616776765,False,1.1989680612807938
path:map00430,Taurine and hypotaurine metabolism,2,24,0.0255046082409701,C00084;C00245,0.07360823644229345,False,1.133073587275227
path:map00830,Retinol metabolism,2,25,0.027535918786650397,C00473;C00777,0.07847736854195364,False,1.105255567897081
path:map04113,Meiosis - yeast,1,3,0.030845696740532703,C00575,0.0799183961004711,False,1.097353240644244
path:map04940,Type I diabetes mellitus,1,3,0.030845696740532703,C00533,0.0799183961004711,False,1.097353240644244
path:map05211,Renal cell carcinoma,1,3,0.030845696740532703,C00007,0.0799183961004711,False,1.097353240644244
path:map05222,Small cell lung cancer,1,3,0.030845696740532703,C00777,0.0799183961004711,False,1.097353240644244
path:map05165,Human papillomavirus infection,1,3,0.030845696740532703,C00575,0.0799183961004711,False,1.097353240644244
path:map00670,One carbon pool by folate,2,26,0.029630089776894516,C00212;C00719,0.0799183961004711,False,1.097353240644244
path:map05414,Dilated cardiomyopathy,1,3,0.030845696740532703,C00575,0.0799183961004711,False,1.097353240644244
path:map05130,Pathogenic Escherichia coli infection,1,3,0.030845696740532703,C00338,0.0799183961004711,False,1.097353240644244
path:map00621,Dioxin degradation,3,66,0.03132403604456214,C00084;C00805;C04623,0.08024584514786705,False,1.0955774446061708
path:map01064,"Biosynthesis of alkaloids derived from ornithine, lysine and nicotinic acid",3,67,0.03254884855066076,C00253;C00745;C01416,0.08245708299500726,False,1.0837720328814908
path:map00270,Cysteine and methionine metabolism,3,68,0.03379839383283492,C00051;C00283;C09306,0.08468169004270727,False,1.072210483093607
path:map04935,"Growth hormone synthesis, secretion and action",1,4,0.040915811465738014,C00575,0.09328805014188268,False,1.030173984225849
path:map04914,Progesterone-mediated oocyte maturation,1,4,0.040915811465738014,C00575,0.09328805014188268,False,1.030173984225849
path:map04910,Insulin signaling pathway,1,4,0.040915811465738014,C00575,0.09328805014188268,False,1.030173984225849
path:map04670,Leukocyte transendothelial migration,1,4,0.040915811465738014,C00575,0.09328805014188268,False,1.030173984225849
path:map04114,Oocyte meiosis,1,4,0.040915811465738014,C00575,0.09328805014188268,False,1.030173984225849
path:map04151,PI3K-Akt signaling pathway,1,4,0.040915811465738014,C00533,0.09328805014188268,False,1.030173984225849
path:map07225,Glucocorticoid and mineralocorticoid receptor agonists/antagonists,1,4,0.040915811465738014,C00735,0.09328805014188268,False,1.030173984225849
path:map04659,Th17 cell differentiation,1,4,0.040915811465738014,C00777,0.09328805014188268,False,1.030173984225849
path:map05226,Gastric cancer,1,4,0.040915811465738014,C00777,0.09328805014188268,False,1.030173984225849
path:map00941,Flavonoid biosynthesis,3,74,0.04181022852718535,C00389;C01477;C09789,0.09438348618018079,False,1.0251039854498003
path:map05022,Pathways of neurodegeneration - multiple diseases,2,32,0.04343228797742624,C00533;C01996,0.09708393783189394,False,1.0128526165183234
path:map00996,Biosynthesis of various alkaloids,3,78,0.04763381077207388,C00805;C01575;C06866,0.10087878876353144,False,0.9962001409122999
path:map04626,Plant-pathogen interaction,1,5,0.05088184520967595,C00533,0.10087878876353144,False,0.9962001409122999
path:map05135,Yersinia infection,1,5,0.05088184520967595,C00338,0.10087878876353144,False,0.9962001409122999
path:map01522,Endocrine resistance,1,5,0.05088184520967595,C00575,0.10087878876353144,False,0.9962001409122999
path:map04015,Rap1 signaling pathway,1,5,0.05088184520967595,C00575,0.10087878876353144,False,0.9962001409122999
path:map00960,"Tropane, piperidine and pyridine alkaloid biosynthesis",3,77,0.046142276716388556,C00253;C00745;C01416,0.10087878876353144,False,0.9962001409122999
path:map05132,Salmonella infection,1,5,0.05088184520967595,C00338,0.10087878876353144,False,0.9962001409122999
path:map05166,Human T-cell leukemia virus 1 infection,1,5,0.05088184520967595,C00575,0.10087878876353144,False,0.9962001409122999
path:map05020,Prion disease,1,5,0.05088184520967595,C00575,0.10087878876353144,False,0.9962001409122999
path:map04062,Chemokine signaling pathway,1,5,0.05088184520967595,C00575,0.10087878876353144,False,0.9962001409122999
path:map04810,Regulation of actin cytoskeleton,1,5,0.05088184520967595,C01996,0.10087878876353144,False,0.9962001409122999
path:map04218,Cellular senescence,1,5,0.05088184520967595,C07909,0.10087878876353144,False,0.9962001409122999
path:map03320,PPAR signaling pathway,1,5,0.05088184520967595,C02165,0.10087878876353144,False,0.9962001409122999
path:map00361,Chlorocyclohexane and chlorobenzene degradation,3,83,0.05544159198468878,C03664;C06988;C07092,0.10897140493542277,False,0.9626874498391824
path:map01220,Degradation of aromatic compounds,6,263,0.057012492943334124,C00084;C00805;C03664;C07083;C07092;C11422,0.1111012682998306,False,0.954280983251087
path:map04916,Melanogenesis,1,6,0.060744867990770196,C00575,0.11169217662819035,False,0.9519772455611726
path:map02026,Biofilm formation - Escherichia coli,1,6,0.060744867990770196,C00575,0.11169217662819035,False,0.9519772455611726
path:map04912,GnRH signaling pathway,1,6,0.060744867990770196,C00575,0.11169217662819035,False,0.9519772455611726
path:map05223,Non-small cell lung cancer,1,6,0.060744867990770196,C00777,0.11169217662819035,False,0.9519772455611726
path:map04370,VEGF signaling pathway,1,6,0.060744867990770196,C00533,0.11169217662819035,False,0.9519772455611726
path:map04621,NOD-like receptor signaling pathway,1,6,0.060744867990770196,C00533,0.11169217662819035,False,0.9519772455611726
path:map05140,Leishmaniasis,1,6,0.060744867990770196,C00533,0.11169217662819035,False,0.9519772455611726
path:map05415,Diabetic cardiomyopathy,2,39,0.06191958445451263,C00051;C00533,0.11236904575068613,False,0.9493533071931388
path:map00982,Drug metabolism - cytochrome P450,3,87,0.06209868317801076,C01471;C07047;C07888,0.11236904575068613,False,0.9493533071931388
path:map04720,Long-term potentiation,1,7,0.0705059388858311,C00575,0.12271262645778236,False,0.9111107484480983
path:map04014,Ras signaling pathway,1,7,0.0705059388858311,C00575,0.12271262645778236,False,0.9111107484480983
path:map07034,Eicosanoids,1,7,0.0705059388858311,C02165,0.12271262645778236,False,0.9111107484480983
path:map05030,Cocaine addiction,1,7,0.0705059388858311,C00575,0.12271262645778236,False,0.9111107484480983
path:map04361,Axon regeneration,1,7,0.0705059388858311,C00575,0.12271262645778236,False,0.9111107484480983
path:map04740,Olfactory transduction,1,8,0.08016610614133872,C00575,0.13244834927699442,False,0.8779534500081988
path:map04961,Endocrine and other factor-regulated calcium reabsorption,1,8,0.08016610614133872,C00575,0.13244834927699442,False,0.8779534500081988
path:map02025,Biofilm formation - Pseudomonas aeruginosa,1,8,0.08016610614133872,C00575,0.13244834927699442,False,0.8779534500081988
path:map04724,Glutamatergic synapse,1,8,0.08016610614133872,C00575,0.13244834927699442,False,0.8779534500081988
path:map05111,Biofilm formation - Vibrio cholerae,1,8,0.08016610614133872,C00575,0.13244834927699442,False,0.8779534500081988
path:map05143,African trypanosomiasis,1,8,0.08016610614133872,C00533,0.13244834927699442,False,0.8779534500081988
path:map05418,Fluid shear stress and atherosclerosis,1,8,0.08016610614133872,C00533,0.13244834927699442,False,0.8779534500081988
path:map01062,Biosynthesis of terpenoids and steroids,3,98,0.0821926572100912,C06081;C07394;C09871,0.13481961038777548,False,0.8702469322534778
path:map04727,GABAergic synapse,1,9,0.08972640728360026,C00575,0.14206681153236708,False,0.8475073664906423
path:map05152,Tuberculosis,1,9,0.08972640728360026,C00338,0.14206681153236708,False,0.8475073664906423
path:map04730,Long-term depression,1,9,0.08972640728360026,C00533,0.14206681153236708,False,0.8475073664906423
path:map05031,Amphetamine addiction,1,9,0.08972640728360026,C00575,0.14206681153236708,False,0.8475073664906423
path:map05110,Vibrio cholerae infection,1,9,0.08972640728360026,C00575,0.14206681153236708,False,0.8475073664906423
path:map07227,Histamine H2/H3 receptor agonists/antagonists,1,10,0.09918786922779274,C00388,0.15177741063044795,False,0.8187928606445214
path:map00944,Flavone and flavonol biosynthesis,2,51,0.09839672185342654,C00389;C01477,0.15177741063044795,False,0.8187928606445214
path:map00510,N-Glycan biosynthesis,1,10,0.09918786922779274,C06081,0.15177741063044795,False,0.8187928606445214
path:map01061,Biosynthesis of phenylpropanoids,3,106,0.09833817282312163,C00805;C01477;C03582,0.15177741063044795,False,0.8187928606445214
path:map05171,Coronavirus disease - COVID-19,1,10,0.09918786922779274,C00533,0.15177741063044795,False,0.8187928606445214
path:map04020,Calcium signaling pathway,1,11,0.10855150838590293,C00575,0.15967576717410237,False,0.7967609885648174
path:map04936,Alcoholic liver disease,1,11,0.10855150838590293,C00084,0.15967576717410237,False,0.7967609885648174
path:map00195,Photosynthesis,1,11,0.10855150838590293,C00007,0.15967576717410237,False,0.7967609885648174
path:map04919,Thyroid hormone signaling pathway,1,11,0.10855150838590293,C00575,0.15967576717410237,False,0.7967609885648174
path:map04072,Phospholipase D signaling pathway,1,11,0.10855150838590293,C00575,0.15967576717410237,False,0.7967609885648174
path:map04928,"Parathyroid hormone synthesis, secretion and action",1,11,0.10855150838590293,C00575,0.15967576717410237,False,0.7967609885648174
path:map00760,Nicotinate and nicotinamide metabolism,2,55,0.11162668219203378,C00253;C00745,0.16314668935758783,False,0.7874217346761015
path:map00564,Glycerophospholipid metabolism,2,56,0.1150036686978144,C00084;C01996,0.16701169721720818,False,0.777253110535145
path:map00190,Oxidative phosphorylation,1,12,0.11781833077357519,C00007,0.1679944582217916,False,0.7747050444848061
path:map01200,Carbon metabolism,3,115,0.11789084787494146,C00067;C00237;C00283,0.1679944582217916,False,0.7747050444848061
path:map04728,Dopaminergic synapse,1,12,0.11781833077357519,C00575,0.1679944582217916,False,0.7747050444848061
path:map01503,Cationic antimicrobial peptide (CAMP) resistance,1,13,0.12698933211587796,C00338,0.1776292498307986,False,0.7504855183200094
path:map04613,Neutrophil extracellular trap formation,1,13,0.12698933211587796,C00338,0.1776292498307986,False,0.7504855183200094
path:map01053,Biosynthesis of siderophore group nonribosomal peptides,1,13,0.12698933211587796,C00805,0.1776292498307986,False,0.7504855183200094
path:map00980,Metabolism of xenobiotics by cytochrome P450,3,121,0.13166499414748345,C00745;C07535;C11088,0.1830464552782087,False,0.7374386768781596
path:map05417,Lipid and atherosclerosis,1,14,0.1360654979520002,C00338,0.18466031864914315,False,0.7336264193578448
path:map05014,Amyotrophic lateral sclerosis,1,14,0.1360654979520002,C00533,0.18466031864914315,False,0.7336264193578448
path:map05131,Shigellosis,1,14,0.1360654979520002,C00338,0.18466031864914315,False,0.7336264193578448
path:map00642,Ethylbenzene degradation,1,14,0.1360654979520002,C07083,0.18466031864914315,False,0.7336264193578448
path:map05215,Prostate cancer,1,15,0.14504780373888862,C00735,0.19568579439329353,False,0.7084407003539073
path:map04075,Plant hormone signal transduction,1,16,0.15393721495383597,C00805,0.20645697064396826,False,0.6851704493787472
path:map00330,Arginine and proline metabolism,2,71,0.16829824182054462,C00533;C00791,0.22439765576072615,False,0.6489816843833396
path:map04723,Retrograde endocannabinoid signaling,1,19,0.18005758837051455,C00575,0.2345893151341561,False,0.6296917726294929
path:map04931,Insulin resistance,1,19,0.18005758837051455,C00533,0.2345893151341561,False,0.6296917726294929
path:map01055,Biosynthesis of vancomycin group antibiotics,1,19,0.18005758837051455,C06689,0.2345893151341561,False,0.6296917726294929
path:map05010,Alzheimer disease,1,19,0.18005758837051455,C00533,0.2345893151341561,False,0.6296917726294929
path:map05204,Chemical carcinogenesis - DNA adducts,2,78,0.19440712686170897,C07535;C19164,0.25184559616175933,False,0.59886563892725
path:map00350,Tyrosine metabolism,2,79,0.19818006834910926,C00547;C00788,0.25528279990732716,False,0.5929784455051068
path:map04925,Aldosterone synthesis and secretion,1,22,0.20537573090076247,C00575,0.26306554295153844,False,0.5799360332750452
path:map01502,Vancomycin resistance,1,24,0.22182094355897553,C06689,0.27636707722101866,False,0.5585136944123702
path:map00521,Streptomycin biosynthesis,1,24,0.22182094355897553,C00413,0.27636707722101866,False,0.5585136944123702
path:map01110,Biosynthesis of secondary metabolites,29,2401,0.2177922197252242,C00007;C00084;C00253;C00388;C00389;C00397;C00413;C00741;C00745;C00805;C01416;C01477;C01575;C01594;C01907;C01912;C02483;C03582;C06081;C06689;C06866;C06972;C07044;C07130;C07204;C07394;C07481;C09844;C13747,0.27636707722101866,False,0.5585136944123702
path:map04913,Ovarian steroidogenesis,1,24,0.22182094355897553,C00575,0.27636707722101866,False,0.5585136944123702
path:map00643,Styrene degradation,1,24,0.22182094355897553,C07083,0.27636707722101866,False,0.5585136944123702
path:map00363,Bisphenol degradation,1,25,0.22991615292448905,C13624,0.28489610253686687,False,0.5453134919971325
path:map00680,Methane metabolism,2,88,0.23246976815675094,C00067;C00237,0.2865032818364282,False,0.5428703989137358
path:map00930,Caprolactam degradation,1,26,0.2379275954503928,C11249,0.2885504880994125,False,0.5397781867211053
path:map04922,Glucagon signaling pathway,1,26,0.2379275954503928,C00575,0.2885504880994125,False,0.5397781867211053
path:map00945,"Stilbenoid, diarylheptanoid and gingerol biosynthesis",1,26,0.2379275954503928,C03582,0.2885504880994125,False,0.5397781867211053
path:map00791,Atrazine degradation,1,28,0.2537026198860602,C06551,0.3060539541482631,False,0.5142020051415037
path:map04216,Ferroptosis,1,29,0.2614678997703972,C00051,0.3137614797244766,False,0.5034003755036128
path:map00010,Glycolysis / Gluconeogenesis,1,31,0.27675817481555043,C00084,0.3303710149630654,False,0.48099806242243925
path:map00230,Purine metabolism,2,101,0.28249341740121325,C00212;C00575,0.33546093316394077,False,0.474358049263167
path:map00620,Pyruvate metabolism,1,32,0.2842848163264575,C00084,0.335839057629183,False,0.473868797398585
path:map00121,Secondary bile acid biosynthesis,1,36,0.3136202257978004,C07880,0.368584595267518,False,0.4334628197683722
path:map00622,Xylene degradation,1,38,0.3278362683888601,C00084,0.38136055710540867,False,0.4186642266473347
path:map00480,Glutathione metabolism,1,38,0.3278362683888601,C00051,0.38136055710540867,False,0.4186642266473347
path:map04977,Vitamin digestion and absorption,1,42,0.35539567034801817,C00473,0.41132087735709716,False,0.3858192465062008
path:map00720,Other carbon fixation pathways,1,44,0.36875091292260065,C00237,0.4246222633654189,False,0.3719972390836523
path:map00460,Cyanoamino acid metabolism,1,45,0.3753249594409495,C01594,0.4300205565454095,False,0.3665107830696014
path:map04974,Protein digestion and absorption,1,47,0.3882694480013062,C00388,0.43394820658969513,False,0.36256210213400986
path:map00900,Terpenoid backbone biosynthesis,1,47,0.3882694480013062,C06081,0.43394820658969513,False,0.36256210213400986
path:map00340,Histidine metabolism,1,47,0.3882694480013062,C00388,0.43394820658969513,False,0.36256210213400986
path:map00120,Primary bile acid biosynthesis,1,47,0.3882694480013062,C00245,0.43394820658969513,False,0.36256210213400986
path:map00650,Butanoate metabolism,1,47,0.3882694480013062,C00741,0.43394820658969513,False,0.36256210213400986
path:map00260,"Glycine, serine and threonine metabolism",1,50,0.4071875881783514,C00719,0.45287204929104447,False,0.3440244826141373
path:map00360,Phenylalanine metabolism,1,51,0.4133634055048502,C00084,0.4575090119179895,False,0.3396003468703043
path:map00907,"Pinene, camphor and geraniol degradation",1,55,0.4374332566341581,C09871,0.48103670748460975,False,0.3178217817348157
path:map01063,Biosynthesis of alkaloids derived from shikimate pathway,2,143,0.43884050507367905,C01575;C06866,0.48103670748460975,False,0.3178217817348157
path:map01240,Biosynthesis of cofactors,4,330,0.44915862720365485,C00051;C00253;C00473;C02483,0.4876579381068253,False,0.3118847019353616
path:map00440,Phosphonate and phosphinate metabolism,1,57,0.44909720219053867,C00084,0.4876579381068253,False,0.3118847019353616
path:map01232,Nucleotide metabolism,1,58,0.4548386514013932,C00212,0.4914844195237803,False,0.3084902451199405
path:map00626,Naphthalene degradation,1,60,0.4661436032826816,C00805,0.501324252587035,False,0.2998812849940777
path:map00902,Monoterpenoid biosynthesis,1,61,0.47170832715035904,C09844,0.5049272234285533,False,0.29677121344776564
path:map00943,Isoflavonoid biosynthesis,1,64,0.48805868679750253,C01477,0.5199877597655634,False,0.2840068793052755
path:map00630,Glyoxylate and dicarboxylate metabolism,1,67,0.5039056336583547,C00007,0.5343743463911854,False,0.27215439912564704
path:map01070,Biosynthesis of plant hormones,1,68,0.5090787584286599,C00805,0.5373609116746966,False,0.2697339278942786
path:map00470,D-Amino acid metabolism,1,69,0.5141982248670859,C00084,0.5402635726714082,False,0.2673943138250922
path:map00130,Ubiquinone and other terpenoid-quinone biosynthesis,1,74,0.5390098608222659,C02483,0.5637350837957643,False,0.24892493621977946
path:map00362,Benzoate degradation,1,77,0.5532875111299552,C00084,0.5760253540531041,False,0.23955840046042814
path:map00524,"Neomycin, kanamycin and gentamicin biosynthesis",1,81,0.5716424139332184,C00397,0.5924294108035172,False,0.2273633893260184
path:map00522,"Biosynthesis of 12-, 14- and 16-membered macrolides",1,87,0.597777513223096,C01912,0.6167116426012031,False,0.2099178526605619
path:map00627,Aminobenzoate degradation,1,88,0.6019764528215599,C06604,0.618246086681602,False,0.20883862391606253
path:map00140,Steroid hormone biosynthesis,1,100,0.6490883106962217,C00735,0.6636418602634016,False,0.17806622797010288
path:map00901,Indole alkaloid biosynthesis,1,103,0.6599722655741003,C07204,0.6717574846022092,False,0.17278748603609612
path:map00998,Biosynthesis of various antibiotics,1,108,0.6773710055507833,C07044,0.6864026189581272,False,0.1634210681125953
path:map00904,Diterpenoid biosynthesis,1,129,0.74128155727974,C07394,0.7478415710609766,False,0.12619039692373019
path:map01057,Biosynthesis of type II polyketide products,1,138,0.7646560723938913,C01907,0.7680246013471684,False,0.1146248684343704
path:map00999,Biosynthesis of various plant secondary metabolites,1,149,0.7903902137290673,C06972,0.7903902137290673,False,0.10215844563421371
