DiseaseName,# ChemicalName,ChemicalID,CasRN,DirectEvidence,PubMedIDs
Asthma,"1,6-hexamethylene diisocyanate",C015262,822-06-0,marker/mechanism,10934080
Asthma,1-hydroxypyrene,C033146,5315-79-7,marker/mechanism,33972693
Asthma,1-methylphenanthrene,C041507,832-69-9,marker/mechanism,24407477
Asthma,"2,4-Dichlorophenoxyacetic Acid",D015084,94-75-7,marker/mechanism,17932376
Asthma,"3-(2,4-diamino-6-(3-hydroxyphenyl)pteridin-7-yl)phenol",C539252,,therapeutic,19056934
Asthma,"4,4'-diphenylmethane diisocyanate",C005969,,marker/mechanism,10797510|10934080|11077012|15891530|6091945|8156442
Asthma,4-dichlorobenzene,C018511,106-46-7,marker/mechanism,33785322
Asthma,7-methylguanine,C008450,578-76-7,marker/mechanism,33972693
Asthma,8-epi-prostaglandin F2alpha,C075750,27415-26-5,marker/mechanism,22986054
Asthma,Acetaldehyde,D000079,75-07-0,marker/mechanism,9600491
Asthma,Acetaminophen,D000082,103-90-2,marker/mechanism,15942102
Asthma,Acetylcholine,D000109,51-84-3,marker/mechanism,34774659
Asthma,Adenosine,D000241,58-61-7,therapeutic,3609189
Asthma,Adrenal Cortex Hormones,D000305,,therapeutic,10069892|10359889|10461081|10934090|10967152|12070353|17872493|19681236|9878995
Asthma,Adrenergic beta-Agonists,D000318,,therapeutic,2563215|7915431
Asthma,Aerosols,D000336,,marker/mechanism,19654919
Asthma,Air Pollutants,D000393,,marker/mechanism,15226151|18629323|19620729|19781087|20123607|21513554|21995638|22370087|24117884|25012280|25491235|27043549|32816747|37162236
Asthma,"Air Pollutants, Occupational",D000395,,marker/mechanism,8687243
Asthma,Albuterol,D000420,18559-94-9,therapeutic,10023788|10480584|11142280|11729705|11991558|12027070|12355682|12734767|12972899|1572199|17380691|17700005|18023335|18225795|18717146|19329721|19363516|1978102|22607479|2693116|2782734|2849969|2936370|2974263|3109801|3223643|3537092|3898925|3968329|4067618|4430301|4921234|6435488|6811006|7117428|7437783|7893301|7982368|81404|8417883|8681661|8968295|9428298|9616533|9707465|9949315
Asthma,Aldicarb,D000448,0116-06-03,marker/mechanism,23670403
Asthma,Allergens,D000485,,marker/mechanism,18391481|19337513|33474794
Asthma,Aluminum Hydroxide,D000536,21645-51-2,marker/mechanism,34774659|35481609
Asthma,ambroxol-theophylline-7-acetate,C077110,,therapeutic,17455344
Asthma,Amides,D000577,,marker/mechanism,9236499
Asthma,Aminophylline,D000628,317-34-0,therapeutic,1424400|15645133|1572199|17130682|2658694|3898925|4047061|4430301|6343341
Asthma,Anti-Asthmatic Agents,D018927,,therapeutic,16425660
Asthma,"Antigens, Bacterial",D000942,,marker/mechanism,18391481|29067999
Asthma,"Antigens, Dermatophagoides",D039741,,marker/mechanism,29067999|29792201|31751647|33170220|36610671
Asthma,"Anti-Inflammatory Agents, Non-Steroidal",D000894,,marker/mechanism,11476468
Asthma,apaflurane,C094049,431-89-0,therapeutic,22221427
Asthma,Arsenic,D001151,7440-38-2,marker/mechanism,24062297
Asthma,Arsenic Trioxide,D000077237,1327-53-3,therapeutic,23210436
Asthma,Artesunate,D000077332,,therapeutic,26340163
Asthma,Aspirin,D001241,50-78-2,marker/mechanism,1751016|3539408
Asthma,bambuterol,C047766,81732-65-2,therapeutic,8112441
Asthma,Beclomethasone,D001507,4419-39-0,therapeutic,10075616|10322818|10347961|10513351|10588598|10639760|10764315|10813552|10983617|11379808|11379810|11393418|11422148|11449530|11527250|11555383|11559968|11758890|11980116|12114351|12153692|12166584|12360108|12449158|12449667|12464949|12489251|12587966|1443864|15025036|16270722|16509916|16973987|17564282|17872493|18430318|21762500|22221427|22357130|23512537|2844548|6958474|7148765|7312482|7437783|7540862|8111605|81404|8534483|8694041|8762487|8874658|9203805|9385125|9657561|9700034
Asthma,Benzo(a)pyrene,D001564,50-32-8,marker/mechanism,28807506
Asthma,Benzofurans,D001572,,therapeutic,30696844
Asthma,beta-Glucans,D047071,,marker/mechanism,24905346
Asthma,bisphenol A,C006780,80-05-7,marker/mechanism,31906378
Asthma,bisphenol A glucuronide,C512161,,marker/mechanism,29411558
Asthma,bitolterol,C011685,30392-40-6,therapeutic,3968329
Asthma,brevetoxin,C053342,98225-48-0,marker/mechanism,19654919
Asthma,Bronchodilator Agents,D001993,,therapeutic,10069892|7443604
Asthma,Budesonide,D019819,51333-22-3,therapeutic,10347961|10400838|10806605|10893010|10894975|11555383|11694816|12113382|12604023|14641354|15136378|15341026|15572850|18489783|20004779|22607479|6958474|9701427
Asthma,butylate,C023898,2008-41-5,marker/mechanism,23670403
Asthma,butylbenzyl phthalate,C027561,85-68-7,marker/mechanism,28392331
Asthma,Cadmium,D002104,7440-43-9,marker/mechanism,30998937
Asthma,Captan,D002215,0133-06-02,marker/mechanism,19541724
Asthma,Carbamates,D002219,,marker/mechanism,17932376
Asthma,Carbaryl,D012721,63-25-2,marker/mechanism,17932376
Asthma,Carbimazole,D002231,22232-54-8,therapeutic,3968675
Asthma,Carbon,D002244,7440-44-0,marker/mechanism,37162236
Asthma,Carbon Disulfide,D002246,75-15-0,marker/mechanism,19541724
Asthma,Carbon Monoxide,D002248,630-08-0,marker/mechanism,20123607
Asthma,Carbon Tetrachloride,D002251,56-23-5,marker/mechanism,19541724
Asthma,Chlordan,D002706,12789-03-06,marker/mechanism,19541724
Asthma,Chromates,D002840,,marker/mechanism,8687243
Asthma,Cilomilast,C433247,,therapeutic,16956605
Asthma,Cocaine,D003042,50-36-2,marker/mechanism,10425061|12218880
Asthma,Coloring Agents,D004396,,marker/mechanism,18403863
Asthma,"Contraceptives, Oral",D003276,,marker/mechanism,25250096
Asthma,Coumaphos,D003372,56-72-4,marker/mechanism,17932376|19541724
Asthma,Cromolyn Sodium,D004205,15826-37-6,therapeutic,7437783
Asthma,curdlan,C038459,54724-00-4,marker/mechanism,23543010
Asthma,Cyclic AMP,D000242,60-92-4,therapeutic,6327346
Asthma,cysteinyl-leukotriene,C112381,,marker/mechanism,1673495
Asthma,DDT,D003634,50-29-3,marker/mechanism,17932376|19541724
Asthma,Decitabine,D000077209,2353-33-5,therapeutic,23423710
Asthma,Dexamethasone,D003907,50-02-2,marker/mechanism,16740865
Asthma,Dexamethasone,D003907,50-02-2,therapeutic,15330010|16569937|23210436|31751647
Asthma,Dextromethorphan,D003915,125-71-3,marker/mechanism,6375709
Asthma,Diazinon,D003976,333-41-5,marker/mechanism,19541724
Asthma,Dietary Fats,D004041,,marker/mechanism,36547818
Asthma,Dinitrofluorobenzene,D004139,70-34-8,marker/mechanism,27216000
Asthma,doqualast,C051309,64019-03-0,therapeutic,2434109
Asthma,doxofylline,C029797,69975-86-6,therapeutic,11951074
Asthma,"Drugs, Chinese Herbal",D004365,,therapeutic,10322818|11783231|16981460|19363516|31751647
Asthma,Dust,D004391,,marker/mechanism,17578863|19337513|27518660
Asthma,Emodin,D004642,518-82-1,therapeutic,22484343
Asthma,Endotoxins,D004731,,marker/mechanism,27518660|32212084
Asthma,enprofylline,C034347,41078-02-08,therapeutic,3523664|3582466|6386511
Asthma,Ephedrine,D004809,299-42-3,therapeutic,208429
Asthma,epigallocatechin gallate,C045651,989-51-5,therapeutic,16516891
Asthma,Epinephrine,D004837,51-43-4,therapeutic,1572199|16713785|17087335|6435488|6787217|7211775|7235434
Asthma,EPTC,C036251,759-94-4,marker/mechanism,19541724
Asthma,Ethylene Dibromide,D015946,106-93-4,marker/mechanism,19541724
Asthma,Fenoterol,D005280,13392-18-2,therapeutic,2951826|6248395|8968295
Asthma,Fleroxacin,D016576,79660-72-3,marker/mechanism,9145823
Asthma,flunisolide,C007734,,therapeutic,16696591
Asthma,Fluticasone,D000068298,,therapeutic,11101185|11379810|11555383|11559968|11596838|11991558|22607479|23548184|9700034
Asthma,Fluticasone-Salmeterol Drug Combination,D000068297,,therapeutic,17654129
Asthma,Food Coloring Agents,D005505,,marker/mechanism,2736427
Asthma,Food Preservatives,D005520,,marker/mechanism,2736427
Asthma,Formaldehyde,D005557,50-00-0,marker/mechanism,11519088|12212974|17002712|17594875|23671638
Asthma,Formoterol Fumarate,D000068759,,therapeutic,10967152|12113382|1443864|18023335|21762500|22221427|22357130|22607479|9759798
Asthma,FPS-ZM1,C572629,,therapeutic,33075463
Asthma,FR 173657,C105311,,therapeutic,12706475
Asthma,"Fungicides, Industrial",D005659,,marker/mechanism,17932376
Asthma,gamma-Tocopherol,D024504,,therapeutic,17854713
Asthma,geraniol,C007836,624-15-7,therapeutic,27117312
Asthma,Glucocorticoids,D005938,,therapeutic,11344349|14641354|3058451
Asthma,Glutathione,D005978,70-18-8,marker/mechanism,22867017
Asthma,Glycopyrrolate,D006024,596-51-0,therapeutic,3392363
Asthma,Glyphosate,D000097797,,marker/mechanism,17932376
Asthma,Guaifenesin,D006140,93-14-1,therapeutic,16197601
Asthma,Halothane,D006221,151-67-7,therapeutic,11782125
Asthma,Heparin,D006493,9005-49-6,therapeutic,19467809|9235556
Asthma,Heptachlor,D006533,76-44-8,marker/mechanism,19541724
Asthma,Herbicides,D006540,,marker/mechanism,15121522|19541724
Asthma,Heroin,D003932,,marker/mechanism,12576374
Asthma,Hexachlorocyclohexane,D001556,,marker/mechanism,19541724
Asthma,Histamine,D006632,51-45-6,marker/mechanism,16344897|16387687|19363516
Asthma,"Hydrocarbons, Chlorinated",D006843,,marker/mechanism,17932376
Asthma,Hydrocortisone,D006854,50-23-7,therapeutic,15090754|3750249
Asthma,Hydrogen Sulfide,D006862,########,marker/mechanism,22357138
Asthma,Ibuprofen,D007052,15687-27-1,marker/mechanism,7550206
Asthma,Ipratropium,D009241,60205-81-4,therapeutic,11142280|12355682|18225795|2527421|2936370|2947461|2951826
Asthma,Isoproterenol,D007545,7683-59-2,therapeutic,1572199|2878599|4921234|6435488
Asthma,Ketoprofen,D007660,22071-15-4,marker/mechanism,11300144
Asthma,Ketotifen,D007665,34580-13-7,therapeutic,1479763
Asthma,Lansoprazole,D064747,,therapeutic,16778364
Asthma,Leukotriene Antagonists,D020024,,therapeutic,10922144|19195196
Asthma,Leukotriene B4,D007975,71160-24-2,marker/mechanism,11006272|19667530
Asthma,Leukotriene C4,D017997,72025-60-6,marker/mechanism,12816731
Asthma,Leukotriene D4,D017998,73836-78-9,marker/mechanism,8222486|9690572
Asthma,Leukotrienes,D015289,,marker/mechanism,8303624
Asthma,LGM2605,C000630836,,therapeutic,31627909
Asthma,Lipid Peroxides,D008054,,marker/mechanism,10921764
Asthma,Loratadine,D017336,79794-75-5,therapeutic,9196086
Asthma,Malathion,D008294,121-75-5,marker/mechanism,17932376|19541724
Asthma,Mercury,D008628,7439-97-6,marker/mechanism,20562055
Asthma,Metaproterenol,D009921,0586-06-01,therapeutic,3513564|3794877|6343341
Asthma,Methacholine Chloride,D016210,62-51-1,marker/mechanism,22484343|31627909|6435488
Asthma,Methotrexate,D008727,59-05-2,therapeutic,1450620|1557242
Asthma,Methylprednisolone,D008775,83-43-2,therapeutic,17087335|2721092|8538677
Asthma,methylxanthine,C008514,28109-92-4,therapeutic,7915431
Asthma,Metoclopramide,D008787,364-62-5,marker/mechanism,12604014
Asthma,Mometasone Furoate,D000068656,,therapeutic,19441609
Asthma,montelukast,C093875,,therapeutic,10075616|10588598|10852428|10922144|11167954|11422148|12464949|16293801|17895592|17943569|19667530|19681236|20332717|22059882|30696844
Asthma,Mustard Gas,D009151,505-60-2,marker/mechanism,10378619
Asthma,Nedocromil,D017835,69049-73-6,therapeutic,1329582
Asthma,Neuromuscular Blocking Agents,D009466,,therapeutic,10378560
Asthma,Nicardipine,D009529,55985-32-5,therapeutic,2413722
Asthma,Nifedipine,D009543,21829-25-4,therapeutic,6364879
Asthma,Nitrates,D009566,,marker/mechanism,32816747|37162236
Asthma,Nitric Oxide,D009569,10102-43-9,marker/mechanism,16696591|16981460|20123607
Asthma,Nitrogen Dioxide,D009585,10102-44-0,marker/mechanism,17903240|18941591|20049212|22357138|22763046|24659182|25012280|26731790|26996571|37162236
Asthma,Nitrogen Oxides,D009589,,marker/mechanism,37162236
Asthma,Organophosphates,D010755,,marker/mechanism,17932376
Asthma,Ovalbumin,D010047,9006-59-1,marker/mechanism,22484343|27117312|28392331|29067999|29545090|30696844|30969813|32012983|33146439|33640443|34146326|34152691|34285515|34537180|34774659|35335934|35481609|35982617|36457260|36547818|37004399
Asthma,ovalbumin-alum,C446402,,marker/mechanism,27884791|29540228|29724254
Asthma,oxitropium,C017590,30286-75-0,therapeutic,3074291
Asthma,Ozone,D010126,10028-15-6,marker/mechanism,16373670|17854713|18795172|23434795|25012280|26647366|26731790|31627909|34285515
Asthma,Paraquat,D010269,4685-14-7,marker/mechanism,19541724
Asthma,Parathion,D010278,56-38-2,marker/mechanism,17932376|19541724
Asthma,Particulate Matter,D052638,,marker/mechanism,15121522|16425660|18795172|19270802|19337525|20123607|20667130|24117884|24365139|25491235|26452298|26731790|26734713|27385358|29540228|31941512|32816747|34774659|35335934|37162236
Asthma,pendimethalin,C030856,40487-42-1,marker/mechanism,23670403
Asthma,perfluoro-n-nonanoic acid,C101816,375-95-1,marker/mechanism,31730470
Asthma,perfluorooctane sulfonic acid,C076994,1763-23-1,marker/mechanism,32485600
Asthma,Permethrin,D026023,52645-53-1,marker/mechanism,17932376
Asthma,Pesticides,D010575,,marker/mechanism,15121522|17932376|7808348
Asthma,phenanthrene,C031181,85-01-8,marker/mechanism,24407477
Asthma,Phenobarbital,D010634,50-06-6,therapeutic,208429
Asthma,Phorate,D010702,0298-02-02,marker/mechanism,17932376|19541724
Asthma,"phosphatidylinositol 3,4-diphosphate",C060980,,marker/mechanism,22986054
Asthma,Phosphodiesterase 4 Inhibitors,D058988,,therapeutic,17569694
Asthma,phthalic anhydride,C043103,85-44-9,marker/mechanism,3681491
Asthma,Plant Preparations,D028321,,therapeutic,15330010
Asthma,Platelet Activating Factor,D010972,,marker/mechanism,32830409|8833165
Asthma,Polychlorinated Biphenyls,D011078,,marker/mechanism,22326254
Asthma,Polycyclic Aromatic Hydrocarbons,D011084,,marker/mechanism,33972693
Asthma,"polymeric 4,4'-diphenylmethane diisocyanate",C087867,,marker/mechanism,21237241
Asthma,pranlukast,C047681,,therapeutic,10069892|11393418|11527250|12153692|12360108|12489251|14584388|14650364|16270722|18430318|20332717|9071168|9303339|9513583
Asthma,Prednisolone,D011239,50-24-8,therapeutic,10069892|10639760|11968751|12171842|17477857|7443604
Asthma,Prednisone,D011241,53-03-2,therapeutic,10199381|11799343|12171842|18717146|3393124|3944744|5025095|7235434
Asthma,Procaterol,D017265,72332-33-3,therapeutic,2933998|2974263
Asthma,Propranolol,D011433,525-66-6,therapeutic,8687243
Asthma,pycnogenols,C024070,,therapeutic,15641632
Asthma,pyrazolanthrone,C432165,,therapeutic,33075463
Asthma,pyrene,C030984,129-00-0,marker/mechanism,23010230
Asthma,Quaternary Ammonium Compounds,D000644,,marker/mechanism,37162236
Asthma,Resveratrol,D000077185,,therapeutic,22986054|34774659
Asthma,Ribomunyl,C034206,,therapeutic,3453705
Asthma,Roflumilast,C424423,,therapeutic,16317827
Asthma,S 28463,C099445,,therapeutic,16361354
Asthma,Salicylic Acid,D020156,,marker/mechanism,6715990
Asthma,Salmeterol Xinafoate,D000068299,,therapeutic,10359889|10480584|11449530|11694805|12166584|12449667|15025036|1687131|16973987|22607479|9164358|9385125|9707465|9731027
Asthma,seratrodast,C060230,,therapeutic,12153692
Asthma,Smoke,D012906,,marker/mechanism,15121522|21705297|25491235|31520956
Asthma,Sodium Salicylate,D012980,54-21-7,marker/mechanism,1751016
Asthma,solasodine,C012037,126-17-0,therapeutic,36084726
Asthma,Solvents,D012997,,marker/mechanism,14959814
Asthma,Soot,D053260,,marker/mechanism,15121522|20123607|21216722
Asthma,Streptozocin,D013311,18883-66-4,marker/mechanism,36547818
Asthma,Sulfates,D013431,,marker/mechanism,37162236
Asthma,Sulfur Dioxide,D013458,########,marker/mechanism,19440507|20123607|22357138|26996571|37162236
Asthma,Synephrine,D013578,94-07-5,therapeutic,19363516
Asthma,syringin,C028305,118-34-3,therapeutic,33146439
Asthma,Tartrazine,D013645,1934-21-0,marker/mechanism,3894321
Asthma,Terbutaline,D013726,23031-25-6,marker/mechanism,1221498
Asthma,Terbutaline,D013726,23031-25-6,therapeutic,11729705|1273541|208429|2578971|2828249|2933998|3582466|3609189|3707814|3964360|4479294|628035|6327346|6364879|6586482|7140872|7148765|7211775|8112441|8968295|9759798
Asthma,Terfenadine,D016593,50679-08-08,therapeutic,8006312
Asthma,Theophylline,D013806,58-55-9,therapeutic,10596698|10916367|11758890|11951074|12070353|12113382|12355682|12734767|1424400|15370247|15645133|16083514|16270722|16430859|16569937|17130682|1758745|17943569|208429|2496015|2578971|2828249|3025113|3074291|3109801|3523664|3537092|3707814|6586482|7140872|7148765|7235434|7312482|7332913|7437783|8162974|8346082|8760775|9701106|9878995
Asthma,"theophylline, salbutamol drug combination",C095476,,therapeutic,2721092
Asthma,Timolol,D013999,26839-75-8,marker/mechanism,7402591
Asthma,Tobacco Smoke Pollution,D014028,,marker/mechanism,14959814|16425588|19826548|21572527|22357138|24380835|25003170|29664587|32816747
Asthma,"Toluene 2,4-Diisocyanate",D014051,584-84-9,marker/mechanism,10797510|10934080|11077013|11467998|11742282|12585506|12684321|12762349|15590890|15590891|15855793|16210060|16792590|170078|17015710|18394133|19187332|20032816|20888385|25929181|26089345|28329851|30261222|3040596|30517707|31070765|31577921|33075463|33711354|6091945|6091946|7684630|8156442
Asthma,tranilast,C012293,53902-12-8,therapeutic,2434109
Asthma,Tretinoin,D014212,302-79-4,therapeutic,16456186
Asthma,Triamcinolone Acetonide,D014222,76-25-5,therapeutic,10071519|10806605
Asthma,Triclosan,D014260,3380-34-5,marker/mechanism,33654271
Asthma,trimellitic anhydride,C015559,552-30-7,marker/mechanism,16141432
Asthma,"Trimethoprim, Sulfamethoxazole Drug Combination",D015662,8064-90-2,therapeutic,4430301
Asthma,tulobuterol,C010809,41570-61-0,therapeutic,15007912|15212190
Asthma,Vasodilator Agents,D014665,,therapeutic,21059121
Asthma,Vehicle Emissions,D001335,,marker/mechanism,15121522|15226151|17903240|20565827|21513554|21995638|24060272|24365139
Asthma,verlukast,C059141,,therapeutic,8303624
Asthma,Vitamin A,D014801,11103-57-4,marker/mechanism,16732791
Asthma,zafirlukast,C062735,107753-78-6,therapeutic,10027429|10064661|10359889|10386485|10439636|10780761|10817796|10852428|10929920|10934090|10967152|11061985|11070746|11393122|11570617|11596838|11694805|11885876|11991558|12095178|12113382|12114351|12189465|12583521|12604023|12742009|14609035|15136378|15170009|15572850|1673495|18489783|19667530|19681236|20332717|8087328|8162986|8222486|9027267|9196086|9377612|9412547|9620945|9620946|9690572|9701106|9825082|9847434|9949315
Asthma,zileuton,C063449,132880-11-6,therapeutic,10181070|10764316|17944539|19214143|20332717|22059882|8598621|9620945
Asthma,Zinc,D015032,7440-66-6,marker/mechanism,19598279
Asthma,Zinc,D015032,7440-66-6,therapeutic,17085522
" Pulmonary Disease, Chronic Obstructive","1,7-dimethylxanthine",C021183,611-59-6,therapeutic,19962977
" Pulmonary Disease, Chronic Obstructive","3-(2,4-diamino-6-(3-hydroxyphenyl)pteridin-7-yl)phenol",C539252,,therapeutic,19056934
" Pulmonary Disease, Chronic Obstructive",4-hydroxy-2-nonenal,C027576,29343-52-0,marker/mechanism,37832483
" Pulmonary Disease, Chronic Obstructive","6-(5-((cyclopropylamino)carbonyl)-3-fluoro-2-methylphenyl)-N-(2,2-dimethylprpyl)-3-pyridinecarboxamide",C543534,,therapeutic,21888439
" Pulmonary Disease, Chronic Obstructive",Acetazolamide,D000086,59-66-5,therapeutic,6410668
" Pulmonary Disease, Chronic Obstructive",aclidinium bromide,C542859,,therapeutic,21870878
" Pulmonary Disease, Chronic Obstructive",Acrolein,D000171,0107-02-08,marker/mechanism,30204913
" Pulmonary Disease, Chronic Obstructive",Adrenal Cortex Hormones,D000305,,therapeutic,11699053
" Pulmonary Disease, Chronic Obstructive",Air Pollutants,D000393,,marker/mechanism,22370087|22536275|25491235|32000783|34331613
" Pulmonary Disease, Chronic Obstructive",Albuterol,D000420,18559-94-9,therapeutic,15494380|1835292|19011503|2951798
" Pulmonary Disease, Chronic Obstructive",ambroxol-theophylline-7-acetate,C077110,,therapeutic,17455344|8725993
" Pulmonary Disease, Chronic Obstructive",Aminophylline,D000628,317-34-0,therapeutic,16868215
" Pulmonary Disease, Chronic Obstructive",Arsenic,D001151,7440-38-2,marker/mechanism,26383851
" Pulmonary Disease, Chronic Obstructive",Asbestos,D001194,1332-21-4,marker/mechanism,27025411
" Pulmonary Disease, Chronic Obstructive",bambuterol,C047766,81732-65-2,therapeutic,10027655
" Pulmonary Disease, Chronic Obstructive",Beclomethasone,D001507,4419-39-0,therapeutic,12668791|15894479
" Pulmonary Disease, Chronic Obstructive",bufei jianpi,C000610679,,therapeutic,28887809
" Pulmonary Disease, Chronic Obstructive",Bu-Fei-Yi-Shen,C574914,,therapeutic,23107470|24280466|25204290|26469778|27146975|27562320|27699176|28887809|29454913|32344236|33545548
" Pulmonary Disease, Chronic Obstructive",Cadmium,D002104,7440-43-9,marker/mechanism,30998937
" Pulmonary Disease, Chronic Obstructive",Carbocysteine,D002233,2387-59-9,therapeutic,24076166|24998638
" Pulmonary Disease, Chronic Obstructive",Carbon Monoxide,D002248,630-08-0,marker/mechanism,32000783
" Pulmonary Disease, Chronic Obstructive",chrysene,C031180,0218-01-09,marker/mechanism,33345606
" Pulmonary Disease, Chronic Obstructive",Clarithromycin,D017291,81103-11-9,therapeutic,9825040
" Pulmonary Disease, Chronic Obstructive",Creatinine,D003404,60-27-5,marker/mechanism,18068611
" Pulmonary Disease, Chronic Obstructive",Cyclohexane,C506365,,marker/mechanism,23981468
" Pulmonary Disease, Chronic Obstructive",dilmapimod,C574213,,therapeutic,21888439
" Pulmonary Disease, Chronic Obstructive",Dust,D004391,,marker/mechanism,33033587
" Pulmonary Disease, Chronic Obstructive",Enalapril,D004656,75847-73-3,therapeutic,20096799
" Pulmonary Disease, Chronic Obstructive",enprofylline,C034347,41078-02-08,therapeutic,2218006|6288396
" Pulmonary Disease, Chronic Obstructive",Epinephrine,D004837,51-43-4,therapeutic,234363
" Pulmonary Disease, Chronic Obstructive",Eucalyptol,D000077591,470-82-6,therapeutic,29789401
" Pulmonary Disease, Chronic Obstructive","fenoterol, ipratropium drug combination",C030809,,therapeutic,2951798
" Pulmonary Disease, Chronic Obstructive",fluor-edenite,C492470,,marker/mechanism,15250654
" Pulmonary Disease, Chronic Obstructive",Formoterol Fumarate,D000068759,,therapeutic,10516540|18035867|19011503
" Pulmonary Disease, Chronic Obstructive",Glucocorticoids,D005938,,therapeutic,11730731
" Pulmonary Disease, Chronic Obstructive",Glycopyrrolate,D006024,596-51-0,therapeutic,21870878|26026369
" Pulmonary Disease, Chronic Obstructive",Hyaluronic Acid,D006820,9004-61-9,marker/mechanism,25106431
" Pulmonary Disease, Chronic Obstructive",Ipratropium,D009241,60205-81-4,therapeutic,1835291|1835292|19363211|21870878|24431217
" Pulmonary Disease, Chronic Obstructive",Ketanserin,D007650,74050-98-9,therapeutic,22048642
" Pulmonary Disease, Chronic Obstructive",Lipid Peroxides,D008054,,marker/mechanism,10921764
" Pulmonary Disease, Chronic Obstructive",Lipopolysaccharides,D008070,,marker/mechanism,23099361|28951138|29984229
" Pulmonary Disease, Chronic Obstructive","Metals, Heavy",D019216,,marker/mechanism,12842775
" Pulmonary Disease, Chronic Obstructive",Methotrexate,D008727,59-05-2,therapeutic,1450620
" Pulmonary Disease, Chronic Obstructive",Mustard Gas,D009151,505-60-2,marker/mechanism,29569912
" Pulmonary Disease, Chronic Obstructive","N-(1-(3-chloro-4-hydroxyphenyl)-3-(1,1-dimethylethyl)-1H-pyrazol-5-yl)-N'-((2-((3-(2-((2-hydroxyethyl)thio)phenyl)-1,2,4-triazolo(4,3-a)pyridin-6-yl)thio)phenyl)methyl)-urea",C569762,,therapeutic,21888439
" Pulmonary Disease, Chronic Obstructive",Nifedipine,D009543,21829-25-4,therapeutic,3671896
" Pulmonary Disease, Chronic Obstructive",Nitrogen Dioxide,D009585,10102-44-0,marker/mechanism,32000783
" Pulmonary Disease, Chronic Obstructive",Norepinephrine,D009638,51-41-2,marker/mechanism,18068611
" Pulmonary Disease, Chronic Obstructive",Ozone,D010126,10028-15-6,marker/mechanism,26647366|32000783|36376488
" Pulmonary Disease, Chronic Obstructive",Particulate Matter,D052638,,marker/mechanism,12842775|25387747|25491235|32000783|34331613
" Pulmonary Disease, Chronic Obstructive",PH 797804,C542398,,therapeutic,21888439
" Pulmonary Disease, Chronic Obstructive",Phosphodiesterase 4 Inhibitors,D058988,,therapeutic,17569694
" Pulmonary Disease, Chronic Obstructive",Prednisone,D011241,53-03-2,therapeutic,14643832|2767912
" Pulmonary Disease, Chronic Obstructive",proxyphylline,C003237,603-00-9,therapeutic,7408664
" Pulmonary Disease, Chronic Obstructive",Quercetin,D011794,117-39-5,therapeutic,23099361
" Pulmonary Disease, Chronic Obstructive",Resveratrol,D000077185,,therapeutic,23981542
" Pulmonary Disease, Chronic Obstructive",revefenacin,C583570,,therapeutic,30803279|31150963|31245215|32106777|33821890
" Pulmonary Disease, Chronic Obstructive",Ribomunyl,C034206,,therapeutic,17078222
" Pulmonary Disease, Chronic Obstructive",Roflumilast,C424423,,therapeutic,16317827|23871879
" Pulmonary Disease, Chronic Obstructive",Salmeterol Xinafoate,D000068299,,therapeutic,10027655|10516540|18035867
" Pulmonary Disease, Chronic Obstructive",Simvastatin,D019821,79902-63-9,therapeutic,21211366
" Pulmonary Disease, Chronic Obstructive",Smog,D012905,,marker/mechanism,12842775
" Pulmonary Disease, Chronic Obstructive",Smoke,D012906,,marker/mechanism,21211366|21705297|24603126|25491235
" Pulmonary Disease, Chronic Obstructive",Soot,D053260,,marker/mechanism,23271741
" Pulmonary Disease, Chronic Obstructive",Sulfur Dioxide,D013458,########,marker/mechanism,32000783
" Pulmonary Disease, Chronic Obstructive",Terbutaline,D013726,23031-25-6,therapeutic,234363
" Pulmonary Disease, Chronic Obstructive",Tetrachlorodibenzodioxin,D013749,1746-01-06,marker/mechanism,18192277
" Pulmonary Disease, Chronic Obstructive",Theophylline,D013806,58-55-9,therapeutic,1546832|16430859|17130682|1835291|18983928|20578267|20797314|2218006|2969553|6288396|6858124|8888546|9756159
" Pulmonary Disease, Chronic Obstructive",Timolol,D013999,26839-75-8,marker/mechanism,7402590
" Pulmonary Disease, Chronic Obstructive",Tiotropium Bromide,D000069447,,therapeutic,17342451|18035867|18992357|19281075|21870878|26026369
" Pulmonary Disease, Chronic Obstructive",Tobacco Smoke Pollution,D014028,,marker/mechanism,19637760|22048642|24076166|26100223|28951138|29789401|29984229|30639269|32812458|33033587|33345606
" Pulmonary Disease, Chronic Obstructive",trospium chloride,C003330,10405-02-04,therapeutic,21870878
" Pulmonary Disease, Chronic Obstructive",Verapamil,D014700,52-53-9,therapeutic,9825040
" Pulmonary Disease, Chronic Obstructive",zafirlukast,C062735,107753-78-6,therapeutic,12781059|12877822
Bronchitis,Air Pollutants,D000393,,marker/mechanism,16912084|26655675|28106813
Bronchitis,ambroxol-theophylline-7-acetate,C077110,,therapeutic,17455344
Bronchitis,Aminophylline,D000628,317-34-0,therapeutic,9241539
Bronchitis,Amoxicillin-Potassium Clavulanate Combination,D019980,74469-00-4,therapeutic,15616290
Bronchitis,Antimony,D000965,7440-36-0,marker/mechanism,8768112
Bronchitis,arsenite,C015001,15502-74-6,marker/mechanism,23876855
Bronchitis,Betaine,D001622,107-43-7,therapeutic,39742927
Bronchitis,cefbuperazone,C035978,76610-84-9,therapeutic,6308296
Bronchitis,Cefixime,D020682,79350-37-1,therapeutic,2041146
Bronchitis,Cephalosporins,D002511,,therapeutic,9819955
Bronchitis,Clarithromycin,D017291,81103-11-9,therapeutic,18794663|9788033|9819955
Bronchitis,Demeclocycline,D003707,127-33-3,therapeutic,4328367
Bronchitis,Diacetyl,D003931,0431-03-08,marker/mechanism,18227102
Bronchitis,Doxycycline,D004318,564-25-0,therapeutic,9004058
Bronchitis,Enoxacin,D015365,74011-58-8,therapeutic,3258863
Bronchitis,Fleroxacin,D016576,79660-72-3,therapeutic,7868853
Bronchitis,Methomyl,D008724,16752-77-5,marker/mechanism,39742927
Bronchitis,Mustard Gas,D009151,505-60-2,marker/mechanism,21129433
Bronchitis,Nicotine,D009538,,marker/mechanism,27806211
Bronchitis,Nitrogen Dioxide,D009585,10102-44-0,marker/mechanism,16912084
Bronchitis,Ofloxacin,D015242,82419-36-1,therapeutic,10388331|11131957|8750178
Bronchitis,Ovalbumin,D010047,9006-59-1,marker/mechanism,28415675
Bronchitis,Particulate Matter,D052638,,marker/mechanism,17938744|19337525|26655675|28106813|28415675|31520956
Bronchitis,Polycyclic Aromatic Hydrocarbons,D011084,,marker/mechanism,17938744
Bronchitis,Salmeterol Xinafoate,D000068299,,therapeutic,23548184
Bronchitis,Smoke,D012906,,marker/mechanism,21705297
Bronchitis,Terbutaline,D013726,23031-25-6,therapeutic,4479294
Bronchitis,Tetracycline,D013752,60-54-8,therapeutic,4301397
Bronchitis,Theophylline,D013806,58-55-9,therapeutic,3025113
Bronchitis,Tobacco Smoke Pollution,D014028,,marker/mechanism,16425588
Bronchitis,tobacco tar,C024746,,marker/mechanism,27806211
Bronchitis,"Trimethoprim, Sulfamethoxazole Drug Combination",D015662,8064-90-2,therapeutic,63882|7256343
Bronchitis,vanadium pentoxide,C066075,1314-62-1,marker/mechanism,17459161
Bronchitis,Vehicle Emissions,D001335,,marker/mechanism,12948892|16912084
Pneumonia,14-hydroxydocosahexaenoic acid,C059528,86360-66-9,therapeutic,34601004
Pneumonia,"1,5-anhydrofructose",C048927,75414-43-6,therapeutic,19559007
Pneumonia,"17-hydroxy-4,7,10,13,15,19-docosahexaenoic acid",C062894,90780-52-2,therapeutic,34601004
Pneumonia,18(R)-hydroxyeicosapentaenoic acid,C561691,,therapeutic,34601004
Pneumonia,"2,4-Dichlorophenoxyacetic Acid",D015084,94-75-7,marker/mechanism,33865415
Pneumonia,2-chloroethyl ethyl sulfide,C031278,0693-07-02,marker/mechanism,19464336|32157350
Pneumonia,2-oxothiazolidine-4-carboxylic acid,C029536,,therapeutic,19560508
Pneumonia,3-(pyridin-3-ylsulfonyl)-5-(trifluoromethyl)-2H-chromen-2-one,C000623021,,therapeutic,28790194
Pneumonia,"4-((3-bromophenyl)amino)-6,7-dimethoxyquinazoline",C088860,,therapeutic,26464147
Pneumonia,acetovanillone,C056165,0498-02-02,therapeutic,21983654
Pneumonia,Acrolein,D000171,0107-02-08,marker/mechanism,36806656
Pneumonia,Adrenal Cortex Hormones,D000305,,therapeutic,12947150
Pneumonia,Air Pollutants,D000393,,marker/mechanism,18367723|34416640|36675130
Pneumonia,Aluminum Oxide,D000537,1344-28-1,marker/mechanism,19270794|22240982
Pneumonia,aluminum oxide hydroxide,C069471,63957-70-0,marker/mechanism,19428954
Pneumonia,Aluminum Silicates,D000538,,marker/mechanism,20368128
Pneumonia,Amikacin,D000583,37517-28-5,therapeutic,1108649|319355
Pneumonia,Amiodarone,D000638,1951-25-3,marker/mechanism,1595783|16131795|16858166|3997294|6409240|6861927|9855346
Pneumonia,Amoxicillin-Potassium Clavulanate Combination,D019980,74469-00-4,therapeutic,10369618|12501879|15328092|16446376|18028086
Pneumonia,Amphotericin B,D000666,1397-89-3,therapeutic,1357285|16538979
Pneumonia,Ampicillin,D000667,69-53-4,therapeutic,6637917|835515
Pneumonia,angiotensin I (1-7),C118790,,therapeutic,28960804
Pneumonia,"Antigens, Dermatophagoides",D039741,,marker/mechanism,24060272|24453940|36975775
Pneumonia,Arsenic,D001151,7440-38-2,marker/mechanism,26497043
Pneumonia,Asbestos,D001194,1332-21-4,marker/mechanism,21362472
Pneumonia,"Asbestos, Amosite",D017639,12172-73-5,marker/mechanism,21797767|22251266|27083413
Pneumonia,"Asbestos, Amphibole",D017636,,marker/mechanism,22168577|22251266|27083413
Pneumonia,"Asbestos, Crocidolite",D017638,12001-28-4,marker/mechanism,17849262
Pneumonia,"Asbestos, Serpentine",D017632,,marker/mechanism,16266986|20368128|32755622
Pneumonia,Azithromycin,D017963,83905-01-05,therapeutic,10858333|16856707
Pneumonia,bacampicillin,C011674,,therapeutic,6352033
Pneumonia,bisphenol A,C006780,80-05-7,marker/mechanism,28285737
Pneumonia,Bleomycin,D001761,11056-06-07,marker/mechanism,16317386|17071938|18024389|19362168|25071917|26600069|32828905|36087614|54212
Pneumonia,Blood Glucose,D001786,,marker/mechanism,25221900
Pneumonia,BUCY-2 protocol,C071005,,marker/mechanism,2025579
Pneumonia,Butylated Hydroxytoluene,D002084,128-37-0,marker/mechanism,11893704
Pneumonia,Cadmium,D002104,7440-43-9,marker/mechanism,22094458
Pneumonia,Cadmium Chloride,D019256,10108-64-2,marker/mechanism,20826145|39587603
Pneumonia,Caffeine,D002110,58-08-2,marker/mechanism,29055810
Pneumonia,Calcium Sulfate,D002133,7778-18-9,marker/mechanism,20368128
Pneumonia,Capsaicin,D002211,404-86-4,marker/mechanism,22575871
Pneumonia,Carbenicillin,D002228,4697-36-3,therapeutic,256433|4850936
Pneumonia,Carboplatin,D016190,41575-94-4,marker/mechanism,16612156
Pneumonia,Carmustine,D002330,154-93-8,marker/mechanism,6354414
Pneumonia,cefditoren pivoxil,C057710,,therapeutic,12501878|12501879
Pneumonia,Cefixime,D020682,79350-37-1,therapeutic,2041146
Pneumonia,Cefotaxime,D002439,63527-52-6,therapeutic,1583528|2041948
Pneumonia,Cefpodoxime Proxetil,D000097627,,therapeutic,12501878
Pneumonia,Ceftazidime,D002442,78439-06-02,therapeutic,21227004|3578331
Pneumonia,Ceftriaxone,D002443,73384-59-5,therapeutic,12642754|18444848|21166949|21227004
Pneumonia,Cefuroxime,D002444,55268-75-2,therapeutic,10858333|2041948
Pneumonia,Cephalothin,D002512,153-61-7,therapeutic,4850936
Pneumonia,ceric oxide,C030583,1306-38-3,marker/mechanism,22240982
Pneumonia,Chloramphenicol,D002701,56-75-7,marker/mechanism,4023934|6071896
Pneumonia,Chloramphenicol,D002701,56-75-7,therapeutic,2041948
Pneumonia,"Cholesterol, Dietary",D002791,,marker/mechanism,34601004
Pneumonia,CHOP protocol,C034587,,marker/mechanism,11732872
Pneumonia,Cilostazol,D000077407,73963-72-1,therapeutic,16645267
Pneumonia,Ciprofloxacin,D002939,85721-33-1,therapeutic,1541177|3555062|3578331
Pneumonia,Cisplatin,D002945,15663-27-1,marker/mechanism,21415776
Pneumonia,Clarithromycin,D017291,81103-11-9,therapeutic,12503933|17021990|20491717|9347384|9606474|9972380
Pneumonia,Coal,D003031,,marker/mechanism,19270797|26774687
Pneumonia,Coal Ash,D060729,,marker/mechanism,9710962
Pneumonia,Cobalt,D003035,7440-48-4,marker/mechanism,22198552
Pneumonia,cobalt oxide,C060728,11104-61-3,marker/mechanism,22240982
Pneumonia,Cocaine,D003042,50-36-2,marker/mechanism,16935692|19204526
Pneumonia,Copper Sulfate,D019327,7758-98-7,marker/mechanism,19679144
Pneumonia,Crack Cocaine,D016578,,marker/mechanism,12947150
Pneumonia,Crizotinib,D000077547,,marker/mechanism,23686600
Pneumonia,cupric oxide,C030973,1317-38-0,marker/mechanism,22240982
Pneumonia,cyclocreatine,C012260,35404-50-3,marker/mechanism,34411581
Pneumonia,Cyclophosphamide,D003520,50-18-0,marker/mechanism,2705179
Pneumonia,Cytarabine,D003561,147-94-4,marker/mechanism,12531223
Pneumonia,Dantrolene,D003620,7261-97-4,marker/mechanism,6736987
Pneumonia,Dapsone,D003622,80-08-0,marker/mechanism,19583683
Pneumonia,Daunorubicin,D003630,20830-81-3,marker/mechanism,12531223
Pneumonia,Desipramine,D003891,50-47-5,therapeutic,17477857
Pneumonia,Dexamethasone,D003907,50-02-2,therapeutic,10380089|21414392|37004399
Pneumonia,didecyldimethylammonium,C027118,20256-56-8,marker/mechanism,32763356
Pneumonia,Dietary Fats,D004041,,marker/mechanism,34601004
Pneumonia,Diflunisal,D004061,22494-42-4,marker/mechanism,9187209
Pneumonia,Dipyrone,D004177,,marker/mechanism,21429049
Pneumonia,Docetaxel,D000077143,,marker/mechanism,12365019|21415776
Pneumonia,Doxycycline,D004318,564-25-0,therapeutic,9145823
Pneumonia,Dronabinol,D013759,,therapeutic,32872332
Pneumonia,Dust,D004391,,marker/mechanism,24376072|26774687|26882889|32777237
Pneumonia,Enalapril,D004656,75847-73-3,therapeutic,19114890
Pneumonia,"endotoxin, Escherichia coli",C044101,67924-63-4,marker/mechanism,19114890
Pneumonia,Enoxacin,D015365,74011-58-8,therapeutic,3258863
Pneumonia,"enterotoxin B, staphylococcal",C031818,39424-53-8,marker/mechanism,32872332
Pneumonia,Epoxy Compounds,D004852,,marker/mechanism,12504350
Pneumonia,Erythromycin,D004917,0114-07-08,therapeutic,10858333
Pneumonia,Esculin,D004929,531-75-9,therapeutic,39142713
Pneumonia,Everolimus,D000068338,,marker/mechanism,17346627
Pneumonia,Farnesol,D005204,4602-84-0,therapeutic,18793622
Pneumonia,Fluoxetine,D005473,54910-89-3,therapeutic,17477857
Pneumonia,Formaldehyde,D005557,50-00-0,marker/mechanism,21983654
Pneumonia,Formoterol Fumarate,D000068759,,therapeutic,20826145
Pneumonia,Gefitinib,D000077156,,marker/mechanism,20646869
Pneumonia,Gemcitabine,D000093542,,marker/mechanism,12365019|12367796
Pneumonia,Gentamicins,D005839,,therapeutic,11895059|16225114|4850936
Pneumonia,Glucocorticoids,D005938,,therapeutic,9187209
Pneumonia,Glyphosate,D000097797,,marker/mechanism,25172162
Pneumonia,gossypin,C022944,652-78-8,therapeutic,37148149
Pneumonia,Hexadimethrine Bromide,D006583,########,therapeutic,32157350
Pneumonia,Indomethacin,D007213,53-86-1,therapeutic,21983654
Pneumonia,Ipratropium,D009241,60205-81-4,therapeutic,20826145
Pneumonia,Iron,D007501,7439-89-6,marker/mechanism,22198552
Pneumonia,Lamotrigine,D000077213,84057-84-1,marker/mechanism,16442685
Pneumonia,Latex,D007840,,marker/mechanism,18938192
Pneumonia,Linezolid,D000069349,,therapeutic,14520146|16735427
Pneumonia,"lipopolysaccharide, E. coli O26-B6",C433788,,marker/mechanism,20975550|22465845
Pneumonia,"lipopolysaccharide, Escherichia coli O111 B4",C440499,,marker/mechanism,33949057
Pneumonia,Lipopolysaccharides,D008070,,marker/mechanism,11605937|11907180|12224865|15863634|18938192|27302421|29055810|33865415|34978009|37148149|39142713
Pneumonia,liposomal amphotericin B,C068538,,therapeutic,8901182
Pneumonia,m-ACOD protocol,C070074,,marker/mechanism,1713121
Pneumonia,Magnesium Silicates,D017633,,marker/mechanism,20368128
Pneumonia,Magnetite Nanoparticles,D058185,,marker/mechanism,19428954
Pneumonia,Manganese,D008345,7439-96-5,marker/mechanism,19263519
Pneumonia,M-BACOD protocol,C035353,,marker/mechanism,1713121
Pneumonia,Mechlorethamine,D008466,,marker/mechanism,20883710
Pneumonia,Meropenem,D000077731,96036-03-02,therapeutic,15221158|16882111
Pneumonia,Methotrexate,D008727,59-05-2,marker/mechanism,10846532|1450620|19449473|2803334|9651097
Pneumonia,Methylprednisolone,D008775,83-43-2,marker/mechanism,20831552
Pneumonia,Mezlocillin,D008802,51481-65-3,therapeutic,9527154
Pneumonia,Micafungin,D000077551,,therapeutic,19148589
Pneumonia,MINE protocol,C092704,,marker/mechanism,19787462
Pneumonia,Minocycline,D008911,10118-90-8,therapeutic,11600379
Pneumonia,Moxifloxacin,D000077266,,therapeutic,19680025|20731847
Pneumonia,Mustard Gas,D009151,505-60-2,marker/mechanism,19482056|34390737
Pneumonia,N-7-(2-(nitrophenyldithio)ethyl)mitomycin C,C055172,95056-36-3,marker/mechanism,9667686
Pneumonia,"Nanotubes, Carbon",D037742,,marker/mechanism,19836432|19857541|20368128|25554681|31265265|32771490
Pneumonia,naphthalan,C043836,37229-16-6,therapeutic,19637834
Pneumonia,naringin,C005274,10236-47-2,therapeutic,22575871
Pneumonia,Niacin,D009525,,therapeutic,20975550
Pneumonia,Nickel,D009532,7440-02-0,marker/mechanism,20936915|22198552
Pneumonia,nickel monoxide,C028007,1313-99-1,marker/mechanism,19270794|22240982
Pneumonia,nickel sulfate,C029938,7786-81-4,marker/mechanism,19679144
Pneumonia,Nitric Oxide,D009569,10102-43-9,marker/mechanism,17450216
Pneumonia,Nitrogen Dioxide,D009585,10102-44-0,marker/mechanism,22763046
Pneumonia,"N-(oxo-5,6-dihydrophenanthridin-2-yl)-N,N-dimethylacetamide hydrochloride",C434926,,therapeutic,25221900
Pneumonia,Ofloxacin,D015242,82419-36-1,therapeutic,15708235|19189043|19856068
Pneumonia,Ovalbumin,D010047,9006-59-1,marker/mechanism,21429049|26882889|29545090|37004399
Pneumonia,ovalbumin-alum,C446402,,marker/mechanism,11907180
Pneumonia,Oxygen,D010100,7782-44-7,marker/mechanism,23337360|25221900
Pneumonia,Ozone,D010126,10028-15-6,marker/mechanism,18007984|18381685|18929643|21543283|22763046|26464147|26647366|26949510|28790194|29247675|33383130|34558223|36675130
Pneumonia,Paclitaxel,D017239,,marker/mechanism,12367796|16612156
Pneumonia,Paraquat,D010269,4685-14-7,marker/mechanism,12504350|30967525
Pneumonia,Particulate Matter,D052638,,marker/mechanism,17450216|18197293|18686106|19272399|19337525|20049117|22634322|24060272|24136897|24376072|26041432|27377055|28917655|29233668|29540651|29787794|30963444|31884678|31941512|33161053|34416640|35795853|36975775|38941663
Pneumonia,Pemetrexed,D000068437,,marker/mechanism,21415776
Pneumonia,Penicillin G,D010400,61-33-6,therapeutic,4998180|6028697
Pneumonia,Penicillins,D010406,,therapeutic,1583528
Pneumonia,perfluorodecanoic acid,C036567,335-76-2,marker/mechanism,32717646
Pneumonia,perilla seed oil,C058216,68132-21-8,marker/mechanism,10720173
Pneumonia,Phenacetin,D010615,62-44-2,marker/mechanism,5660814
Pneumonia,Piperacillin,D010878,61477-96-1,therapeutic,6391888
Pneumonia,Piroxicam,D010894,36322-90-4,therapeutic,21414392
Pneumonia,polyhexamethyleneguanidine,C060540,31961-54-3,marker/mechanism,24769016|25716161|38969276
Pneumonia,pranlukast,C047681,,therapeutic,21429049
Pneumonia,Prednisolone,D011239,50-24-8,therapeutic,17477857|3997294
Pneumonia,Prednisone,D011241,53-03-2,marker/mechanism,4850720
Pneumonia,Quartz,D011791,14808-60-7,marker/mechanism,17030555|19836432
Pneumonia,quinupristin-dalfopristin,C062940,126602-89-9,therapeutic,11600379
Pneumonia,Riluzole,D019782,1744-22-5,marker/mechanism,31029113
Pneumonia,Rosiglitazone,D000077154,,therapeutic,24612634
Pneumonia,RU.521,C000626046,,therapeutic,39587603
Pneumonia,salvianolic acid B,C076944,115939-25-8,therapeutic,35795853
Pneumonia,Sildenafil Citrate,D000068677,,therapeutic,21414392
Pneumonia,Silicon Dioxide,D012822,7631-86-9,marker/mechanism,21414392|29341224|31284023|32017981|8063194
Pneumonia,Silver Compounds,D018030,,marker/mechanism,32367270|34601004
Pneumonia,Silver Nitrate,D012835,7761-88-8,marker/mechanism,32367270
Pneumonia,Sirolimus,D020123,,marker/mechanism,15219060
Pneumonia,Smoke,D012906,,marker/mechanism,21705297
Pneumonia,Sodium Selenite,D018038,10102-18-8,therapeutic,28285737
Pneumonia,Soot,D053260,,marker/mechanism,25071917
Pneumonia,ST2825,C525002,,therapeutic,35795853
Pneumonia,Steroids,D013256,,marker/mechanism,16131795
Pneumonia,Streptomycin,D013307,57-92-1,therapeutic,4998180|6028697
Pneumonia,Styrene,D020058,,marker/mechanism,19428955
Pneumonia,Sulfasalazine,D012460,599-79-1,marker/mechanism,2859799|2894766
Pneumonia,Sulfur Dioxide,D013458,########,marker/mechanism,25115710
Pneumonia,Taurine,D013654,107-35-7,marker/mechanism,19362168
Pneumonia,Theophylline,D013806,58-55-9,therapeutic,1541177
Pneumonia,titanium dioxide,C009495,13463-67-7,marker/mechanism,22956629|27760801|30012374|8063194
Pneumonia,Tobacco Smoke Pollution,D014028,,marker/mechanism,18793622|22575871|24612634|24632068|24633890|28790194|28960804|29205062|33660100
Pneumonia,Tobramycin,D014031,32986-56-4,therapeutic,256433|3578331
Pneumonia,"Trimethoprim, Sulfamethoxazole Drug Combination",D015662,8064-90-2,therapeutic,25170804|9972380
Pneumonia,triptolide,C001899,38748-32-2,therapeutic,20348278
Pneumonia,troclosene,C011765,2782-57-2,marker/mechanism,35675544
Pneumonia,Tungsten,D014414,7440-33-7,marker/mechanism,22198552
Pneumonia,Ursodeoxycholic Acid,D014580,128-13-2,marker/mechanism,22942741
Pneumonia,valspodar,C070272,121584-18-7,marker/mechanism,12531223
Pneumonia,Vanadium,D014639,7440-62-2,marker/mechanism,9710962
Pneumonia,Vancomycin,D014640,1404-90-6,therapeutic,15221158|17060545
Pneumonia,Vehicle Emissions,D001335,,marker/mechanism,17450216|19560508|20049117|24060272
Pneumonia,Venlafaxine Hydrochloride,D000069470,,marker/mechanism,12663337
Pneumonia,Vinblastine,D014747,865-21-4,marker/mechanism,54212
Pneumonia,Voriconazole,D065819,,therapeutic,19148589
Pneumonia,Vorinostat,D000077337,,marker/mechanism,18854394
Pneumonia,wogonin,C085514,632-85-9,therapeutic,37004399
Pneumonia,yupingfeng,C532967,,therapeutic,37004399
Pneumonia,Zinc,D015032,7440-66-6,marker/mechanism,18197293
Pneumonia,zinc chromate,C023616,13530-65-9,marker/mechanism,19109987
Pneumonia,Zinc Oxide,D015034,1314-13-2,marker/mechanism,22240982|23832296|35247504
Pneumonia,Zinc Sulfate,D019287,7733-02-0,marker/mechanism,19679144
"Rhinitis, Allergic","2,4-Dichlorophenoxyacetic Acid",D015084,94-75-7,marker/mechanism,27384423
"Rhinitis, Allergic","4,4'-diphenylmethane diisocyanate",C005969,,marker/mechanism,7973495
"Rhinitis, Allergic",Air Pollutants,D000393,,marker/mechanism,29028686
"Rhinitis, Allergic",Aluminum Hydroxide,D000536,21645-51-2,marker/mechanism,36855022
"Rhinitis, Allergic","Antigens, Bacterial",D000942,,marker/mechanism,21108952
"Rhinitis, Allergic","Antigens, Helminth",D000947,,marker/mechanism,21108952
"Rhinitis, Allergic",Apigenin,D047310,520-36-5,therapeutic,36350155
"Rhinitis, Allergic",Astemizole,D016589,68844-77-9,therapeutic,8917271
"Rhinitis, Allergic",Atrazine,D001280,1912-24-9,marker/mechanism,27384423
"Rhinitis, Allergic",bentazone,C002003,25057-89-0,marker/mechanism,27384423
"Rhinitis, Allergic",beta-eudesmol,C051082,473-15-4,therapeutic,30148989
"Rhinitis, Allergic",bisphenol A,C006780,80-05-7,marker/mechanism,32909835|32964057
"Rhinitis, Allergic",bufotalin,C004600,471-95-4,therapeutic,36455750
"Rhinitis, Allergic",cang er zi wan,C550144,,therapeutic,36855022
"Rhinitis, Allergic",Carbaryl,D012721,63-25-2,marker/mechanism,27384423
"Rhinitis, Allergic",Cetirizine,D017332,83881-51-0,therapeutic,21381763
"Rhinitis, Allergic",Chlorpyrifos,D004390,2921-88-2,marker/mechanism,27384423
"Rhinitis, Allergic",desloratadine,C121345,,therapeutic,21381763
"Rhinitis, Allergic",Dexamethasone,D003907,50-02-2,therapeutic,31669322|36350155
"Rhinitis, Allergic",Dicamba,D003996,1918-00-9,marker/mechanism,27384423
"Rhinitis, Allergic",Diethylhexyl Phthalate,D004051,117-81-7,marker/mechanism,32884073
"Rhinitis, Allergic",Dimethoate,D004117,60-51-5,marker/mechanism,27384423
"Rhinitis, Allergic",Etodolac,D017308,41340-25-4,therapeutic,16979129
"Rhinitis, Allergic",fexofenadine,C093230,,therapeutic,16037679|21381763
"Rhinitis, Allergic",geraniol,C007836,624-15-7,therapeutic,30254419
"Rhinitis, Allergic",Glyphosate,D000097797,,marker/mechanism,27384423
"Rhinitis, Allergic",Herbicides,D006540,,marker/mechanism,27384423
"Rhinitis, Allergic",hydroxysafflor yellow A,C085278,146087-19-6,therapeutic,37195255
"Rhinitis, Allergic",Insecticides,D007306,,marker/mechanism,27384423
"Rhinitis, Allergic",levocetirizine,C472067,130018-77-8,therapeutic,21381763
"Rhinitis, Allergic",Loratadine,D017336,79794-75-5,therapeutic,16527031|21381763
"Rhinitis, Allergic",Malathion,D008294,121-75-5,marker/mechanism,27384423
"Rhinitis, Allergic",Methylprednisolone,D008775,83-43-2,therapeutic,2910281
"Rhinitis, Allergic",mono(2-ethyl-5-hydroxyhexyl) phthalate,C479069,,marker/mechanism,36127783
"Rhinitis, Allergic",mono(2-ethyl-5-oxohexyl)phthalate,C080276,40321-98-0,marker/mechanism,36127783
"Rhinitis, Allergic",nimesulide,C012655,51803-78-2,marker/mechanism,10609620
"Rhinitis, Allergic",Nitrogen Dioxide,D009585,10102-44-0,marker/mechanism,23728483|26996571
"Rhinitis, Allergic",nonylphenol,C025256,25154-52-3,marker/mechanism,36029577
"Rhinitis, Allergic",Ovalbumin,D010047,9006-59-1,marker/mechanism,30481581|30803854|31669322|32964057|35533451|36350155|36455750|36855022|37195255
"Rhinitis, Allergic",ovalbumin-alum,C446402,,marker/mechanism,30254419|30481581|34624383
"Rhinitis, Allergic",Oxymetazoline,D010109,1491-59-4,therapeutic,3340705
"Rhinitis, Allergic",Particulate Matter,D052638,,marker/mechanism,30481581
"Rhinitis, Allergic",Permethrin,D026023,52645-53-1,marker/mechanism,27384423
"Rhinitis, Allergic",Petroleum,D010578,,marker/mechanism,27384423
"Rhinitis, Allergic",Picloram,D010846,########,marker/mechanism,27384423
"Rhinitis, Allergic",Pyrethrins,D011722,,marker/mechanism,27384423
"Rhinitis, Allergic",Quinpirole,D019257,85760-74-3,therapeutic,34624383
"Rhinitis, Allergic",ramatroban,C063119,116649-85-5,therapeutic,16037679|16979129|21355602|21916510
"Rhinitis, Allergic",Rodenticides,D012378,,marker/mechanism,27384423
"Rhinitis, Allergic",Rosiglitazone,D000077154,,therapeutic,18652780
"Rhinitis, Allergic",saikosaponin D,C025759,,therapeutic,31669322
"Rhinitis, Allergic",Simazine,D012839,122-34-9,marker/mechanism,27384423
"Rhinitis, Allergic",Soot,D053260,,marker/mechanism,26996571
"Rhinitis, Allergic",Sulfur Dioxide,D013458,########,marker/mechanism,26996571
"Rhinitis, Allergic",Terfenadine,D016593,50679-08-08,therapeutic,16037679|8006312
"Rhinitis, Allergic",Triamcinolone Acetonide,D014222,76-25-5,therapeutic,113742
"Rhinitis, Allergic",triclopyr,C032742,55335-06-03,marker/mechanism,27384423
"Rhinitis, Allergic",Triclosan,D014260,3380-34-5,marker/mechanism,23146048|33654271
"Rhinitis, Allergic",Trifluralin,D014274,1582-09-08,marker/mechanism,27384423
"Rhinitis, Allergic",Warfarin,D014859,81-81-2,marker/mechanism,27384423
"Rhinitis, Allergic",zafirlukast,C062735,107753-78-6,therapeutic,16527031
"Carcinoma, Bronchogenic",Asbestos,D001194,1332-21-4,marker/mechanism,23885834
"Carcinoma, Bronchogenic",Busulfan,D002066,55-98-1,marker/mechanism,4301103
"Carcinoma, Bronchogenic",Carboplatin,D016190,41575-94-4,therapeutic,9137524
"Carcinoma, Bronchogenic",Cisplatin,D002945,15663-27-1,therapeutic,9137524
"Carcinoma, Bronchogenic",Cyclophosphamide,D003520,50-18-0,therapeutic,4559404
"Carcinoma, Bronchogenic",Dactinomycin,D003609,50-76-0,therapeutic,4559404
"Carcinoma, Bronchogenic",Etoposide,D005047,33419-42-0,therapeutic,9137524
"Carcinoma, Bronchogenic",Hydroxyurea,D006918,0127-07-01,therapeutic,4559404
"Carcinoma, Bronchogenic",Ifosfamide,D007069,3778-73-2,therapeutic,2156418|6106781
"Carcinoma, Bronchogenic",Lomustine,D008130,13010-47-4,therapeutic,4559404
"Carcinoma, Bronchogenic",Methotrexate,D008727,59-05-2,therapeutic,4559404
"Carcinoma, Bronchogenic","pregna-4,17-diene-3,16-dione",C023617,95975-55-6,therapeutic,17475222
"Carcinoma, Bronchogenic",Streptozocin,D013311,18883-66-4,therapeutic,4261143
"Carcinoma, Bronchogenic",strontium chromate,C048629,########,marker/mechanism,16194677
"Carcinoma, Bronchogenic",Vincristine,D014750,,therapeutic,4559404
"Carcinoma, Bronchogenic",Vindesine,D014751,53643-48-4,therapeutic,455587|6282107