ChemicalID,ChemicalName,CasRN,CID,MolecularWeight,XLogP,TPSA,HBondDonorCount,HBondAcceptorCount,RotatableBondCount,HeavyAtomCount,Complexity
C015262,"1,6-hexamethylene diisocyanate",822-06-0,13192,168.19,3.2,58.9,0,4,7,12,169.0
C033146,1-hydroxypyrene,5315-79-7,21387,218.25,4.6,20.2,1,1,0,17,300.0
C041507,1-methylphenanthrene,832-69-9,13257,192.25,5.1,0.0,0,0,0,15,220.0
D015084,"2,4-Dichlorophenoxyacetic Acid",94-75-7,1486,221.03,2.8,46.5,1,3,3,13,186.0
C539252,"3-(2,4-diamino-6-(3-hydroxyphenyl)pteridin-7-yl)phenol",,10427712,346.3,1.7,144.0,4,8,2,26,483.0
C005969,"4,4'-diphenylmethane diisocyanate",,7570,250.25,5.4,58.9,0,4,4,19,332.0
C018511,4-dichlorobenzene,106-46-7,4685,147.0,3.4,0.0,0,0,0,8,54.9
C008450,7-methylguanine,578-76-7,135398679,165.15,-1.1,85.3,2,3,0,12,250.0
C075750,8-epi-prostaglandin F2alpha,27415-26-5,5282263,354.5,2.7,98.0,4,5,12,25,432.0
D000079,Acetaldehyde,75-07-0,177,44.05,-0.3,17.1,0,1,0,3,10.3
D000082,Acetaminophen,103-90-2,1983,151.16,0.5,49.3,2,2,1,11,139.0
D000109,Acetylcholine,51-84-3,187,146.21,0.2,26.3,0,2,4,10,115.0
D000241,Adenosine,58-61-7,60961,267.24,-1.1,140.0,4,8,2,19,335.0
D000420,Albuterol,18559-94-9,2083,239.31,0.3,72.7,4,4,5,17,227.0
D000448,Aldicarb,0116-06-03,9570071,190.27,1.1,76.0,1,4,4,12,180.0
D000536,Aluminum Hydroxide,21645-51-2,6328211,81.028,,3.0,3,3,0,4,3.2
C077110,ambroxol-theophylline-7-acetate,,176595,616.3,,154.0,4,8,5,35,645.0
D000628,Aminophylline,317-34-0,9433,420.43,,191.0,4,8,1,30,273.0
C094049,apaflurane,431-89-0,67940,170.03,2.9,0.0,0,7,0,10,93.0
D001151,Arsenic,7440-38-2,5359596,74.92159,,0.0,0,0,0,1,0.0
D000077237,Arsenic Trioxide,1327-53-3,14888,197.841,,3.0,0,3,0,5,0.0
D000077332,Artesunate,,6917864,384.4,2.5,101.0,1,8,5,27,623.0
D001241,Aspirin,50-78-2,2244,180.16,1.2,63.6,1,4,3,13,212.0
C047766,bambuterol,81732-65-2,54766,367.4,1.2,91.3,2,6,8,26,446.0
D001507,Beclomethasone,4419-39-0,20469,408.9,2.2,94.8,3,5,2,28,805.0
D001564,Benzo(a)pyrene,50-32-8,2336,252.3,6.0,0.0,0,0,0,20,372.0
D001572,Benzofurans,,253613,270.3,5.6,13.1,0,1,2,21,327.0
D047071,beta-Glucans,,439262,504.4,-6.9,269.0,11,16,7,34,641.0
C006780,bisphenol A,80-05-7,6623,228.29,3.3,40.5,2,2,2,17,209.0
C512161,bisphenol A glucuronide,,71309820,404.4,2.5,137.0,5,8,5,29,551.0
C011685,bitolterol,30392-40-6,35330,461.5,5.2,84.9,2,6,10,34,658.0
C053342,brevetoxin,98225-48-0,56841987,853.0,5.1,147.0,1,13,3,61,1670.0
D019819,Budesonide,51333-22-3,5281004,430.5,2.5,93.1,2,6,4,31,862.0
C023898,butylate,2008-41-5,16181,217.37,4.2,45.6,0,2,6,14,159.0
C027561,butylbenzyl phthalate,85-68-7,2347,312.4,4.9,52.6,0,4,9,23,374.0
D002104,Cadmium,7440-43-9,23973,112.41,,0.0,0,0,0,1,0.0
D002215,Captan,0133-06-02,8606,300.6,2.4,62.7,0,3,1,16,340.0
D002219,Carbamates,,276,60.032,-0.1,66.2,1,2,0,4,27.5
D012721,Carbaryl,63-25-2,6129,201.22,2.4,38.3,1,2,2,15,230.0
D002231,Carbimazole,22232-54-8,31072,186.23,0.7,64.9,0,3,2,12,240.0
D002244,Carbon,7440-44-0,297,16.043,0.6,0.0,0,0,0,1,0.0
D002246,Carbon Disulfide,75-15-0,6348,76.15,2.1,64.2,0,2,0,3,18.3
D002248,Carbon Monoxide,630-08-0,281,28.01,0.7,1.0,0,1,0,2,10.0
D002251,Carbon Tetrachloride,56-23-5,5943,153.8,2.8,0.0,0,0,0,5,19.1
D002706,Chlordan,12789-03-06,11954021,409.8,4.9,0.0,0,0,0,18,459.0
D002840,Chromates,,24461,115.994,,80.3,0,4,0,5,62.2
C433247,Cilomilast,,151170,343.4,3.4,79.6,1,5,5,25,511.0
D003042,Cocaine,50-36-2,446220,303.35,2.3,55.8,0,5,5,22,432.0
D003042,Cocaine,50-36-2,446220,303.35,2.3,55.8,0,5,5,22,432.0
D003372,Coumaphos,56-72-4,2871,362.8,4.5,86.1,0,6,6,22,499.0
D004205,Cromolyn Sodium,15826-37-6,27503,512.3,,172.0,1,11,6,36,824.0
D000242,Cyclic AMP,60-92-4,6076,329.21,-2.6,155.0,3,10,1,22,498.0
D003634,DDT,50-29-3,3036,354.5,6.9,0.0,0,0,2,19,250.0
D000077209,Decitabine,2353-33-5,451668,228.21,-1.2,121.0,3,4,2,16,356.0
D003907,Dexamethasone,50-02-2,5743,392.5,1.9,94.8,3,6,2,28,805.0
D003915,Dextromethorphan,125-71-3,5360696,271.4,3.4,12.5,0,2,1,20,370.0
D003976,Diazinon,333-41-5,3017,304.35,3.8,85.6,0,6,7,19,307.0
D004139,Dinitrofluorobenzene,70-34-8,6264,186.1,1.6,91.6,0,5,0,13,224.0
C051309,doqualast,64019-03-0,68830,240.21,1.1,70.0,1,4,1,18,492.0
C029797,doxofylline,69975-86-6,50942,266.25,-0.9,76.9,0,5,2,19,398.0
D004642,Emodin,518-82-1,3220,270.24,2.7,94.8,3,5,0,20,434.0
D004731,Endotoxins,,53481793,5227.0,-14.8,2100.0,68,128,163,351,11000.0
D004731,Endotoxins,,53481793,5227.0,-14.8,2100.0,68,128,163,351,11000.0
C034347,enprofylline,41078-02-08,1676,194.19,0.3,78.1,2,3,2,14,268.0
D004809,Ephedrine,299-42-3,9294,165.23,0.9,32.3,2,2,3,12,121.0
C045651,epigallocatechin gallate,989-51-5,65064,458.4,1.2,197.0,8,11,4,33,667.0
D004837,Epinephrine,51-43-4,5816,183.2,-1.4,72.7,4,4,3,13,154.0
C036251,EPTC,759-94-4,12968,189.32,3.2,45.6,0,2,6,12,122.0
D015946,Ethylene Dibromide,106-93-4,7839,187.86,2.0,0.0,0,0,1,4,6.0
D005280,Fenoterol,13392-18-2,3343,303.35,2.0,93.0,5,5,6,22,310.0
D005280,Fenoterol,13392-18-2,3343,303.35,2.0,93.0,5,5,6,22,310.0
D016576,Fleroxacin,79660-72-3,3357,369.34,-0.1,64.1,1,9,4,26,595.0
C007734,flunisolide,,82153,434.5,2.5,93.1,2,7,2,31,910.0
D000068298,Fluticasone,,5311101,444.5,3.2,99.9,2,8,3,30,861.0
D000068297,Fluticasone-Salmeterol Drug Combination,,56841124,916.1,,188.0,5,14,22,64,1390.0
D005557,Formaldehyde,50-00-0,712,30.026,1.2,17.1,0,1,0,2,2.0
D000068759,Formoterol Fumarate,,53477580,804.9,,256.0,10,14,18,58,507.0
C572629,FPS-ZM1,,24752728,327.8,5.3,20.3,0,1,4,23,366.0
C105311,FR 173657,,5311108,592.5,4.5,114.0,2,6,9,41,939.0
D024504,gamma-Tocopherol,,92729,416.7,10.3,29.5,1,2,12,30,475.0
C007836,geraniol,624-15-7,637566,154.25,2.9,20.2,1,1,4,11,150.0
D005978,Glutathione,70-18-8,124886,307.33,-4.5,160.0,6,8,9,20,389.0
D006024,Glycopyrrolate,596-51-0,3494,318.4,3.1,46.5,1,3,5,23,424.0
D000097797,Glyphosate,,3496,169.07,-4.6,107.0,4,6,4,10,162.0
D006140,Guaifenesin,93-14-1,3516,198.22,1.4,58.9,2,4,5,14,151.0
D006221,Halothane,151-67-7,3562,197.38,2.3,0.0,0,3,0,7,60.4
D006533,Heptachlor,76-44-8,3589,373.3,4.3,0.0,0,0,0,17,467.0
D003932,Heroin,,5462328,369.4,1.5,65.1,0,6,4,27,692.0
D001556,Hexachlorocyclohexane,,727,290.8,3.8,0.0,0,0,0,12,104.0
D006632,Histamine,51-45-6,774,111.15,-0.7,54.7,2,2,2,8,64.7
D006854,Hydrocortisone,50-23-7,5754,362.5,1.6,94.8,3,5,2,26,684.0
D006862,Hydrogen Sulfide,########,402,34.08,0.5,1.0,1,1,0,1,0.0
D007052,Ibuprofen,15687-27-1,3672,206.28,3.5,37.3,1,2,4,15,203.0
D009241,Ipratropium,60205-81-4,657309,332.5,2.6,46.5,1,3,6,24,430.0
D007545,Isoproterenol,7683-59-2,3779,211.26,-0.6,72.7,4,4,4,15,187.0
D007660,Ketoprofen,22071-15-4,3825,254.28,3.1,54.4,1,3,4,19,331.0
D007665,Ketotifen,34580-13-7,3827,309.4,3.2,48.6,0,3,0,22,476.0
D064747,Lansoprazole,,3883,369.4,2.8,87.1,1,8,5,25,480.0
D007975,Leukotriene B4,71160-24-2,5280492,336.5,4.1,77.8,3,4,14,24,421.0
D017997,Leukotriene C4,72025-60-6,5280493,625.8,0.7,242.0,7,11,25,43,982.0
D017998,Leukotriene D4,73836-78-9,5280878,496.7,1.4,175.0,5,8,20,34,706.0
C000630836,LGM2605,,134694972,722.7,,320.0,14,18,11,50,507.0
D017336,Loratadine,79794-75-5,3957,382.9,5.2,42.4,0,3,2,27,569.0
D008294,Malathion,121-75-5,4004,330.4,2.4,128.0,0,8,11,19,341.0
D008628,Mercury,7439-97-6,23931,200.59,,0.0,0,0,0,1,0.0
D009921,Metaproterenol,0586-06-01,4086,211.26,0.7,72.7,4,4,4,15,177.0
D016210,Methacholine Chloride,62-51-1,6114,195.69,,26.3,0,3,4,12,138.0
D008727,Methotrexate,59-05-2,126941,454.4,-1.8,211.0,5,12,9,33,704.0
D008775,Methylprednisolone,83-43-2,6741,374.5,1.9,94.8,3,5,2,27,754.0
D008787,Metoclopramide,364-62-5,4168,299.79,2.6,67.6,2,4,7,20,300.0
D000068656,Mometasone Furoate,,441336,521.4,3.9,93.8,1,6,5,35,1020.0
C093875,montelukast,,5281040,586.2,7.7,95.7,2,5,12,41,891.0
D009151,Mustard Gas,505-60-2,10461,159.08,2.1,25.3,0,1,4,7,28.9
D017835,Nedocromil,69049-73-6,50294,371.3,2.2,121.0,2,8,5,27,753.0
D009529,Nicardipine,55985-32-5,4474,479.5,3.8,114.0,1,8,10,35,856.0
D009543,Nifedipine,21829-25-4,4485,346.3,2.2,110.0,1,7,5,25,608.0
D009566,Nitrates,,943,62.005,-1.4,62.9,0,3,0,4,18.8
D009569,Nitric Oxide,10102-43-9,945,31.014,0.2,40.9,1,2,0,2,2.0
D009585,Nitrogen Dioxide,10102-44-0,3032552,46.006,-0.3,30.4,0,2,0,3,7.5
C017590,oxitropium,30286-75-0,6917865,412.3,,59.1,1,5,6,25,472.0
D010126,Ozone,10028-15-6,24823,47.998,-1.7,41.1,0,2,0,3,4.8
D010269,Paraquat,4685-14-7,15939,186.25,1.7,7.8,0,0,1,14,145.0
D010278,Parathion,56-38-2,991,291.26,3.8,106.0,0,6,6,18,304.0
C030856,pendimethalin,40487-42-1,38479,281.31,5.2,104.0,1,5,4,20,349.0
C101816,perfluoro-n-nonanoic acid,375-95-1,67821,464.08,5.6,37.3,1,19,7,28,615.0
C076994,perfluorooctane sulfonic acid,1763-23-1,74483,500.13,5.0,62.8,1,20,7,29,727.0
D026023,Permethrin,52645-53-1,40326,391.3,6.5,35.5,0,3,7,26,521.0
C031181,phenanthrene,85-01-8,995,178.23,4.5,0.0,0,0,0,14,174.0
D010634,Phenobarbital,50-06-6,4763,232.23,1.5,75.3,2,3,2,17,339.0
D010702,Phorate,0298-02-02,4790,260.4,3.6,101.0,0,5,8,13,156.0
D058988,Phosphodiesterase 4 Inhibitors,,656969,289.29,2.7,89.9,0,5,4,21,398.0
C043103,phthalic anhydride,85-44-9,6811,148.11,1.3,43.4,0,3,0,11,187.0
D010972,Platelet Activating Factor,,108156,523.7,6.5,94.1,0,7,26,35,546.0
C047681,pranlukast,,4887,481.5,4.2,119.0,2,7,9,36,778.0
D011239,Prednisolone,50-24-8,5755,360.4,1.6,94.8,3,5,2,26,724.0
D011241,Prednisone,53-03-2,5865,358.4,1.5,91.7,2,5,2,26,764.0
D017265,Procaterol,72332-33-3,688563,290.36,1.5,81.6,4,4,5,21,397.0
D011433,Propranolol,525-66-6,4946,259.34,3.0,41.5,2,3,6,19,257.0
C432165,pyrazolanthrone,,8515,220.23,2.7,45.8,1,2,0,17,343.0
C030984,pyrene,129-00-0,31423,202.25,4.9,0.0,0,0,0,16,217.0
D000077185,Resveratrol,,445154,228.24,3.1,60.7,3,3,2,17,246.0
C424423,Roflumilast,,449193,403.2,4.6,60.5,1,6,7,26,475.0
C099445,S 28463,,159603,314.4,1.3,86.2,2,5,5,23,406.0
D020156,Salicylic Acid,,338,138.12,2.3,57.5,2,3,1,10,133.0
D000068299,Salmeterol Xinafoate,,56801,603.7,,139.0,6,8,17,44,629.0
C060230,seratrodast,,2449,354.4,4.4,71.4,1,4,8,26,633.0
D012980,Sodium Salicylate,54-21-7,16760658,160.1,,60.4,1,3,1,11,138.0
C012037,solasodine,126-17-0,442985,413.6,5.4,41.5,2,3,0,30,749.0
D013311,Streptozocin,18883-66-4,29327,265.22,-1.4,152.0,5,8,2,18,315.0
D013458,Sulfur Dioxide,########,1119,64.07,0.1,35.1,0,3,0,3,18.3
D013578,Synephrine,94-07-5,7172,167.2,-0.6,52.5,3,3,3,12,122.0
C028305,syringin,118-34-3,5316860,372.4,-1.3,138.0,5,9,7,26,432.0
D013645,Tartrazine,1934-21-0,16014,468.4,0.7,220.0,4,12,6,31,995.0
D013726,Terbutaline,23031-25-6,5403,225.28,0.9,72.7,4,4,4,16,205.0
D016593,Terfenadine,50679-08-08,5405,471.7,6.6,43.7,2,3,9,35,582.0
D013806,Theophylline,58-55-9,2153,180.16,0.0,69.3,1,3,0,13,267.0
D013806,Theophylline,58-55-9,2153,180.16,0.0,69.3,1,3,0,13,267.0
C095476,"theophylline, salbutamol drug combination",,2153,180.16,0.0,69.3,1,3,0,13,267.0
C095476,"theophylline, salbutamol drug combination",,2153,180.16,0.0,69.3,1,3,0,13,267.0
D013999,Timolol,26839-75-8,33624,316.42,1.8,108.0,2,8,7,21,310.0
D014051,"Toluene 2,4-Diisocyanate",584-84-9,11443,174.16,3.9,58.9,0,4,2,13,265.0
C012293,tranilast,53902-12-8,5282230,327.3,3.2,84.9,2,5,6,24,464.0
D014212,Tretinoin,302-79-4,444795,300.4,6.3,37.3,1,2,5,22,567.0
D014222,Triamcinolone Acetonide,76-25-5,6436,434.5,2.5,93.1,2,7,2,31,925.0
D014260,Triclosan,3380-34-5,5564,289.5,5.0,29.5,1,2,2,17,252.0
C015559,trimellitic anhydride,552-30-7,11089,192.12,0.8,80.7,1,5,1,14,308.0
D015662,"Trimethoprim, Sulfamethoxazole Drug Combination",8064-90-2,358641,543.6,,212.0,4,13,8,38,653.0
C010809,tulobuterol,41570-61-0,5606,227.73,2.3,32.3,2,2,4,15,191.0
C059141,verlukast,,6509849,515.1,5.3,121.0,1,6,11,34,693.0
D014801,Vitamin A,11103-57-4,445354,286.5,5.7,20.2,1,1,5,21,496.0
C062735,zafirlukast,107753-78-6,5717,575.7,5.5,124.0,2,6,9,41,1010.0
C063449,zileuton,132880-11-6,60490,236.29,1.6,94.8,2,3,2,16,275.0
D015032,Zinc,7440-66-6,23994,65.4,,0.0,0,0,0,1,0.0
C021183,"1,7-dimethylxanthine",611-59-6,4687,180.16,-0.2,67.2,1,3,0,13,267.0
C027576,4-hydroxy-2-nonenal,29343-52-0,5283344,156.22,1.7,37.3,1,2,6,11,119.0
D000086,Acetazolamide,59-66-5,1986,222.3,-0.3,152.0,2,7,2,13,297.0
C542859,aclidinium bromide,,11519741,564.6,,112.0,1,7,10,34,647.0
D000171,Acrolein,0107-02-08,7847,56.06,0.0,17.1,0,1,1,4,30.3
D002233,Carbocysteine,2387-59-9,1080,179.2,-3.1,126.0,3,6,5,11,161.0
C031180,chrysene,0218-01-09,9171,228.3,5.7,0.0,0,0,0,18,264.0
D017291,Clarithromycin,81103-11-9,84029,748.0,3.2,183.0,4,14,8,52,1190.0
D003404,Creatinine,60-27-5,588,113.12,-1.8,58.7,1,1,0,8,151.0
C506365,Cyclohexane,,8078,84.16,3.4,0.0,0,0,0,6,15.5
C574213,dilmapimod,,10297982,456.4,3.0,98.6,3,9,6,33,702.0
D004656,Enalapril,75847-73-3,5388962,376.4,-0.1,95.9,2,6,10,27,519.0
D000077591,Eucalyptol,470-82-6,2758,154.25,2.5,9.2,0,1,0,11,164.0
C030809,"fenoterol, ipratropium drug combination",,3343,303.35,2.0,93.0,5,5,6,22,310.0
C030809,"fenoterol, ipratropium drug combination",,3343,303.35,2.0,93.0,5,5,6,22,310.0
D007650,Ketanserin,74050-98-9,3822,395.4,2.6,69.7,1,5,5,29,627.0
D009638,Norepinephrine,51-41-2,439260,169.18,-1.2,86.7,4,4,2,12,142.0
C542398,PH 797804,,22049997,477.3,4.2,58.6,1,5,5,30,742.0
C003237,proxyphylline,603-00-9,4977,238.24,-0.8,78.7,1,4,2,17,348.0
D011794,Quercetin,117-39-5,5280343,302.23,1.5,127.0,5,7,1,22,488.0
C583570,revefenacin,,11753673,597.7,4.1,108.0,2,6,11,44,918.0
D019821,Simvastatin,79902-63-9,54454,418.6,4.7,72.8,1,5,7,30,706.0
D013749,Tetrachlorodibenzodioxin,1746-01-06,15625,322.0,6.4,18.5,0,2,0,18,258.0
D000069447,Tiotropium Bromide,,5487426,472.4,,116.0,1,7,5,27,564.0
C003330,trospium chloride,10405-02-04,5284631,428.0,,46.5,1,4,5,30,553.0
D014700,Verapamil,52-53-9,2520,454.6,3.8,64.0,0,6,13,33,606.0
D019980,Amoxicillin-Potassium Clavulanate Combination,74469-00-4,23665637,602.7,,248.0,5,12,6,40,919.0
D000965,Antimony,7440-36-0,5354495,121.76,,0.0,0,0,0,1,0.0
C015001,arsenite,15502-74-6,544,122.92,,69.2,0,3,0,4,8.0
D001622,Betaine,107-43-7,247,117.15,0.5,40.1,0,2,1,8,87.6
C035978,cefbuperazone,76610-84-9,127527,627.7,-1.0,280.0,4,14,10,42,1210.0
D020682,Cefixime,79350-37-1,5362065,453.5,-0.7,238.0,4,12,8,30,861.0
D002511,Cephalosporins,,25058126,387.4,-3.1,205.0,5,10,10,26,635.0
D003707,Demeclocycline,127-33-3,54680690,464.9,0.7,182.0,6,9,2,32,961.0
D003931,Diacetyl,0431-03-08,650,86.09,-1.3,34.1,0,2,1,6,71.5
D004318,Doxycycline,564-25-0,54671203,444.4,-0.7,182.0,6,9,2,32,956.0
D015365,Enoxacin,74011-58-8,3229,320.32,-0.2,85.8,2,8,3,23,521.0
D008724,Methomyl,16752-77-5,5353758,162.21,0.6,76.0,1,4,3,10,147.0
D009538,Nicotine,,89594,162.23,1.2,16.1,0,2,1,12,147.0
D015242,Ofloxacin,82419-36-1,4583,361.4,-0.4,73.3,1,8,2,26,634.0
D013752,Tetracycline,60-54-8,54675776,444.4,-2.0,182.0,6,9,2,32,971.0
C066075,vanadium pentoxide,1314-62-1,14814,181.88,,77.5,0,5,0,7,123.0
C059528,14-hydroxydocosahexaenoic acid,86360-66-9,6439735,344.5,6.6,57.5,2,3,14,25,493.0
C048927,"1,5-anhydrofructose",75414-43-6,126517,162.14,-1.6,87.0,3,5,1,11,157.0
C062894,"17-hydroxy-4,7,10,13,15,19-docosahexaenoic acid",90780-52-2,6439179,344.5,5.1,57.5,2,3,14,25,493.0
C031278,2-chloroethyl ethyl sulfide,0693-07-02,12733,124.63,1.8,25.3,0,1,3,6,23.5
C029536,2-oxothiazolidine-4-carboxylic acid,,72390,147.15,-0.1,91.7,2,4,1,9,158.0
C000623021,3-(pyridin-3-ylsulfonyl)-5-(trifluoromethyl)-2H-chromen-2-one,,132451886,355.3,2.7,81.7,0,8,2,24,638.0
C088860,"4-((3-bromophenyl)amino)-6,7-dimethoxyquinazoline",,4705,360.2,4.0,56.3,1,5,4,22,360.0
C056165,acetovanillone,0498-02-02,2214,166.17,0.5,46.5,1,3,2,12,167.0
D000537,Aluminum Oxide,1344-28-1,9989226,101.961,,3.0,0,3,0,5,0.0
C069471,aluminum oxide hydroxide,63957-70-0,32524,59.988,,37.3,1,2,0,3,10.3
D000538,Aluminum Silicates,,44144451,119.06,,92.2,0,4,0,6,19.1
D000583,Amikacin,37517-28-5,37768,585.6,-7.9,332.0,13,17,10,40,819.0
D000638,Amiodarone,1951-25-3,2157,645.3,7.6,42.7,0,4,11,31,547.0
D000666,Amphotericin B,1397-89-3,14956,924.1,0.0,320.0,12,18,3,65,1670.0
D000667,Ampicillin,69-53-4,6249,349.4,-1.1,138.0,3,6,4,24,562.0
C118790,angiotensin I (1-7),,123805,899.0,-3.0,380.0,12,14,25,64,1660.0
D017639,"Asbestos, Amosite",12172-73-5,131633415,1001.6,,395.0,2,24,12,39,618.0
D017638,"Asbestos, Crocidolite",12001-28-4,86278622,855.38,,460.0,16,24,0,39,26.3
D017632,"Asbestos, Serpentine",,6335834,283.16,,163.0,9,9,0,14,19.1
D017963,Azithromycin,83905-01-05,447043,749.0,4.0,180.0,5,14,7,52,1150.0
C011674,bacampicillin,,441397,465.5,2.7,163.0,2,9,10,32,756.0
D001761,Bleomycin,11056-06-07,5360373,1415.6,-7.5,685.0,20,31,36,96,2580.0
D002084,Butylated Hydroxytoluene,128-37-0,31404,220.35,5.3,20.2,1,1,2,16,207.0
D019256,Cadmium Chloride,10108-64-2,24947,183.32,,0.0,0,0,0,3,2.8
D002110,Caffeine,58-08-2,2519,194.19,-0.1,58.4,0,3,0,14,293.0
D002133,Calcium Sulfate,7778-18-9,24497,136.14,,88.6,0,4,0,6,62.2
D002211,Capsaicin,404-86-4,1548943,305.4,3.6,58.6,2,3,9,22,341.0
D002228,Carbenicillin,4697-36-3,20824,378.4,1.1,149.0,3,7,5,26,645.0
D016190,Carboplatin,41575-94-4,10339178,371.25,,82.3,2,6,0,13,153.0
D002330,Carmustine,154-93-8,2578,214.05,1.5,61.8,1,3,4,12,156.0
C057710,cefditoren pivoxil,,6437877,620.7,4.7,257.0,2,14,12,41,1160.0
D002439,Cefotaxime,63527-52-6,5742673,455.5,-1.4,227.0,3,12,8,30,833.0
D000097627,Cefpodoxime Proxetil,,6526396,557.6,0.6,235.0,2,14,13,37,976.0
D002442,Ceftazidime,78439-06-02,5481173,546.6,0.4,245.0,3,12,8,37,1020.0
D002443,Ceftriaxone,73384-59-5,5479530,554.6,-1.3,288.0,4,13,8,36,1110.0
D002444,Cefuroxime,55268-75-2,5479529,424.4,-0.2,199.0,3,10,8,29,798.0
D002512,Cephalothin,153-61-7,6024,396.4,-0.4,167.0,2,8,7,26,680.0
C030583,ceric oxide,1306-38-3,73963,172.115,,34.1,0,2,0,3,18.3
D002701,Chloramphenicol,56-75-7,5959,323.13,1.1,115.0,3,5,5,20,342.0
D002791,"Cholesterol, Dietary",,5997,386.7,8.7,20.2,1,1,5,28,591.0
C034587,CHOP protocol,,56842157,1988.0,,510.0,12,33,22,139,3700.0
D000077407,Cilostazol,73963-72-1,2754,369.5,3.1,81.9,1,5,7,27,485.0
D002939,Ciprofloxacin,85721-33-1,2764,331.34,-1.1,72.9,2,7,3,24,571.0
D002945,Cisplatin,15663-27-1,5460033,300.05,,2.0,2,2,0,5,7.6
D003035,Cobalt,7440-48-4,104730,58.93319,,0.0,0,0,0,1,0.0
C060728,cobalt oxide,11104-61-3,6432046,240.797,,4.0,0,4,0,7,0.0
D019327,Copper Sulfate,7758-98-7,24462,159.61,,88.6,0,4,0,6,62.2
D016578,Crack Cocaine,,446220,303.35,2.3,55.8,0,5,5,22,432.0
D016578,Crack Cocaine,,446220,303.35,2.3,55.8,0,5,5,22,432.0
D000077547,Crizotinib,,11626560,450.3,3.7,78.0,2,6,5,30,557.0
C030973,cupric oxide,1317-38-0,14829,79.55,,17.1,0,1,0,2,2.0
C012260,cyclocreatine,35404-50-3,2896,143.14,-1.6,78.9,2,3,2,10,178.0
D003520,Cyclophosphamide,50-18-0,2907,261.08,0.6,41.6,1,4,5,14,212.0
D003561,Cytarabine,147-94-4,6253,243.22,-2.1,129.0,4,5,2,17,383.0
D003620,Dantrolene,7261-97-4,6914273,314.25,1.7,121.0,1,6,3,23,524.0
D003622,Dapsone,80-08-0,2955,248.3,1.0,94.6,2,4,2,17,306.0
D003630,Daunorubicin,20830-81-3,30323,527.5,1.8,186.0,5,11,4,38,960.0
D003891,Desipramine,50-47-5,2995,266.4,4.9,15.3,1,2,4,20,267.0
C027118,didecyldimethylammonium,20256-56-8,16958,326.6,9.3,0.0,0,0,18,23,200.0
D004061,Diflunisal,22494-42-4,3059,250.2,4.4,57.5,2,5,2,18,311.0
D004177,Dipyrone,,522325,333.34,,92.4,0,6,4,22,552.0
D000077143,Docetaxel,,148124,807.9,1.6,224.0,5,14,13,58,1660.0
D013759,Dronabinol,,16078,314.5,7.0,29.5,1,2,4,23,439.0
C044101,"endotoxin, Escherichia coli",67924-63-4,53481793,5227.0,-14.8,2100.0,68,128,163,351,11000.0
C044101,"endotoxin, Escherichia coli",67924-63-4,53481793,5227.0,-14.8,2100.0,68,128,163,351,11000.0
D004917,Erythromycin,0114-07-08,12560,733.9,2.7,194.0,5,14,7,51,1180.0
D004929,Esculin,531-75-9,5281417,340.28,-0.6,146.0,5,9,3,24,495.0
D000068338,Everolimus,,6442177,958.2,5.9,205.0,3,14,9,68,1810.0
D005204,Farnesol,4602-84-0,445070,222.37,4.8,20.2,1,1,7,16,265.0
D005473,Fluoxetine,54910-89-3,3386,309.33,4.0,21.3,1,5,6,22,308.0
D000077156,Gefitinib,,123631,446.9,4.1,68.7,1,8,8,31,545.0
D000093542,Gemcitabine,,60750,263.2,-1.5,108.0,3,6,2,18,426.0
D005839,Gentamicins,,3467,477.6,-4.1,200.0,8,12,7,33,636.0
C022944,gossypin,652-78-8,5281621,480.4,0.0,227.0,9,13,4,34,789.0
D007213,Indomethacin,53-86-1,3715,357.8,4.3,68.5,1,4,4,25,506.0
D007501,Iron,7439-89-6,23925,55.84,,0.0,0,0,0,1,0.0
D000077213,Lamotrigine,84057-84-1,3878,256.09,1.4,90.7,2,5,1,16,242.0
D000069349,Linezolid,,441401,337.35,0.7,71.1,1,6,4,24,472.0
C068538,liposomal amphotericin B,,44405442,924.1,0.0,320.0,12,18,3,65,1670.0
D008345,Manganese,7439-96-5,23930,54.93804,,0.0,0,0,0,1,0.0
D008466,Mechlorethamine,,4033,156.05,0.9,3.2,0,1,4,8,43.7
D000077731,Meropenem,96036-03-02,441130,383.5,-2.4,135.0,3,7,5,26,679.0
D008802,Mezlocillin,51481-65-3,656511,539.6,-0.2,207.0,3,9,6,36,1080.0
D000077551,Micafungin,,477468,1270.3,-1.6,519.0,16,24,18,89,2580.0
D008911,Minocycline,10118-90-8,54675783,457.5,-0.6,165.0,5,9,3,33,971.0
D000077266,Moxifloxacin,,152946,401.4,0.6,82.1,2,8,4,29,727.0
C055172,N-7-(2-(nitrophenyldithio)ethyl)mitomycin C,95056-36-3,56855,547.6,1.8,229.0,3,12,10,37,1080.0
C043836,naphthalan,37229-16-6,588214,170.21,2.4,9.2,0,1,0,13,172.0
C005274,naringin,10236-47-2,442428,580.5,-0.5,225.0,8,14,6,41,884.0
D009525,Niacin,,938,123.11,0.4,50.2,1,3,1,9,114.0
D009532,Nickel,7440-02-0,935,58.693,,0.0,0,0,0,1,0.0
C028007,nickel monoxide,1313-99-1,14805,74.693,,17.1,0,1,0,2,2.0
C029938,nickel sulfate,7786-81-4,24586,154.76,,88.6,0,4,0,6,62.2
D010100,Oxygen,7782-44-7,977,31.999,-1.1,34.1,0,2,0,2,0.0
D017239,Paclitaxel,,36314,853.9,2.5,221.0,4,14,14,62,1790.0
D000068437,Pemetrexed,,135410875,427.4,0.2,187.0,6,7,9,31,748.0
D010400,Penicillin G,61-33-6,5904,334.4,1.8,112.0,2,5,4,23,530.0
D010406,Penicillins,,2349,334.4,1.8,112.0,2,5,4,23,530.0
C036567,perfluorodecanoic acid,335-76-2,9555,514.08,6.3,37.3,1,21,8,31,701.0
D010615,Phenacetin,62-44-2,4754,179.22,1.6,38.3,1,2,3,13,162.0
D010878,Piperacillin,61477-96-1,43672,517.6,0.5,182.0,3,8,6,36,982.0
D010894,Piroxicam,36322-90-4,54676228,331.3,3.1,108.0,2,6,2,23,611.0
D011791,Quartz,14808-60-7,24261,60.084,,34.1,0,2,0,3,18.3
D011791,Quartz,14808-60-7,24261,60.084,,34.1,0,2,0,3,18.3
C062940,quinupristin-dalfopristin,126602-89-9,25199981,1713.1,,441.0,6,25,17,121,3350.0
D019782,Riluzole,1744-22-5,5070,234.2,3.6,76.4,1,7,1,15,238.0
D000077154,Rosiglitazone,,77999,357.4,3.1,96.8,1,6,7,25,468.0
C000626046,RU.521,,135397653,415.2,4.1,87.3,2,5,2,28,732.0
C076944,salvianolic acid B,115939-25-8,6451084,718.6,4.0,278.0,9,16,14,52,1290.0
D000068677,Sildenafil Citrate,,135413523,666.7,,250.0,5,15,12,46,1070.0
D012822,Silicon Dioxide,7631-86-9,24261,60.084,,34.1,0,2,0,3,18.3
D012822,Silicon Dioxide,7631-86-9,24261,60.084,,34.1,0,2,0,3,18.3
D012835,Silver Nitrate,7761-88-8,24470,169.873,,62.9,0,3,0,5,18.8
D020123,Sirolimus,,5284616,914.2,6.0,195.0,3,13,6,65,1760.0
D018038,Sodium Selenite,10102-18-8,24934,172.95,,63.2,0,3,0,6,18.8
C525002,ST2825,,24808138,591.5,3.4,147.0,2,6,7,39,966.0
D013256,Steroids,,139082353,400.6,5.3,23.6,0,2,3,29,684.0
D013307,Streptomycin,57-92-1,19649,581.6,-8.0,336.0,12,15,9,40,940.0
D020058,Styrene,,7501,104.15,2.9,0.0,0,0,1,8,68.1
D012460,Sulfasalazine,599-79-1,5339,398.4,-0.7,150.0,3,9,6,28,657.0
D013654,Taurine,107-35-7,1123,125.15,-4.1,88.8,2,4,2,7,120.0
C009495,titanium dioxide,13463-67-7,26042,79.866,,34.1,0,2,0,3,18.3
D014031,Tobramycin,32986-56-4,36294,467.5,-6.2,268.0,10,14,6,32,609.0
C001899,triptolide,38748-32-2,107985,360.4,0.2,84.1,1,6,1,26,819.0
C011765,troclosene,2782-57-2,16726,197.96,0.4,69.7,1,3,0,11,220.0
D014414,Tungsten,7440-33-7,23964,183.84,,0.0,0,0,0,1,0.0
D014580,Ursodeoxycholic Acid,128-13-2,31401,392.6,4.9,77.8,3,4,4,28,605.0
C070272,valspodar,121584-18-7,5281884,1214.6,7.7,276.0,4,12,15,86,2410.0
D014639,Vanadium,7440-62-2,23990,50.9415,,0.0,0,0,0,1,0.0
D014640,Vancomycin,1404-90-6,14969,1449.2,-2.6,530.0,19,26,13,101,2960.0
D000069470,Venlafaxine Hydrochloride,,62923,313.9,,32.7,2,3,5,21,279.0
D014747,Vinblastine,865-21-4,13342,811.0,3.7,154.0,3,12,10,59,1700.0
D065819,Voriconazole,,71616,349.31,1.5,76.7,1,8,5,25,448.0
D000077337,Vorinostat,,5311,264.32,1.9,78.4,3,3,8,19,276.0
C085514,wogonin,632-85-9,5281703,284.26,3.0,76.0,2,5,2,21,426.0
C023616,zinc chromate,13530-65-9,26089,181.4,,80.3,0,4,0,6,62.2
D015034,Zinc Oxide,1314-13-2,14806,81.4,,17.1,0,1,0,2,2.0
D019287,Zinc Sulfate,7733-02-0,24424,161.4,,88.6,0,4,0,6,62.2
D047310,Apigenin,520-36-5,5280443,270.24,1.7,87.0,3,5,1,20,410.0
D016589,Astemizole,68844-77-9,2247,458.6,6.0,42.3,1,5,8,34,599.0
D001280,Atrazine,1912-24-9,2256,215.68,2.6,62.7,2,5,4,14,166.0
C002003,bentazone,25057-89-0,2328,240.28,2.8,74.9,1,4,1,16,385.0
C051082,beta-eudesmol,473-15-4,91457,222.37,3.7,20.2,1,1,1,16,292.0
C004600,bufotalin,471-95-4,12302120,444.6,2.5,93.1,2,6,3,32,878.0
D017332,Cetirizine,83881-51-0,2678,388.9,1.7,53.0,1,5,8,27,443.0
D004390,Chlorpyrifos,2921-88-2,2730,350.6,5.3,72.7,0,5,6,18,303.0
C121345,desloratadine,,124087,310.8,4.5,24.9,1,2,0,22,425.0
D003996,Dicamba,1918-00-9,3030,221.03,2.2,46.5,1,3,2,13,198.0
D004051,Diethylhexyl Phthalate,117-81-7,8343,390.6,7.4,52.6,0,4,16,28,394.0
D004117,Dimethoate,60-51-5,3082,229.3,0.8,105.0,1,5,5,12,191.0
D017308,Etodolac,41340-25-4,3308,287.35,2.8,62.3,2,3,4,21,399.0
C093230,fexofenadine,,3348,501.7,3.0,81.0,3,5,10,37,678.0
C085278,hydroxysafflor yellow A,146087-19-6,6443665,612.5,-3.5,295.0,12,16,6,43,1160.0
C472067,levocetirizine,130018-77-8,1549000,388.9,1.7,53.0,1,5,8,27,443.0
C479069,mono(2-ethyl-5-hydroxyhexyl) phthalate,,170295,294.34,2.5,83.8,2,5,9,21,342.0
C080276,mono(2-ethyl-5-oxohexyl)phthalate,40321-98-0,119096,292.33,2.0,80.7,1,5,9,21,377.0
C012655,nimesulide,51803-78-2,4495,308.31,2.6,110.0,1,6,4,21,450.0
C025256,nonylphenol,25154-52-3,67296,220.35,6.2,20.2,1,1,8,16,156.0
D010109,Oxymetazoline,1491-59-4,4636,260.37,2.9,44.6,2,2,3,19,345.0
D010846,Picloram,########,15965,241.5,2.2,76.2,2,4,1,13,216.0
D011722,Pyrethrins,,60202781,700.9,,113.0,0,8,16,51,1390.0
D019257,Quinpirole,85760-74-3,54562,219.33,2.3,31.9,1,2,2,16,243.0
C063119,ramatroban,116649-85-5,123879,416.5,2.9,96.8,2,6,6,29,689.0
C025759,saikosaponin D,,107793,781.0,2.5,208.0,8,13,6,55,1490.0
D012839,Simazine,122-34-9,5216,201.66,2.2,62.7,2,5,4,13,131.0
C032742,triclopyr,55335-06-03,41428,256.5,3.0,59.4,1,4,3,14,216.0
D014274,Trifluralin,1582-09-08,5569,335.28,5.3,94.9,0,8,5,23,392.0
D014859,Warfarin,81-81-2,54678486,308.3,2.7,63.6,1,4,4,23,501.0
D002066,Busulfan,55-98-1,2478,246.3,-0.5,104.0,0,6,7,14,293.0
D003609,Dactinomycin,50-76-0,457193,1255.4,3.8,356.0,5,18,8,90,3030.0
D005047,Etoposide,33419-42-0,36462,588.6,0.6,161.0,3,13,5,42,969.0
D006918,Hydroxyurea,0127-07-01,3657,76.055,-1.8,75.4,3,2,0,5,42.9
D007069,Ifosfamide,3778-73-2,3690,261.08,0.9,41.6,1,4,5,14,218.0
D008130,Lomustine,13010-47-4,3950,233.69,2.8,61.8,1,3,3,15,219.0
C023617,"pregna-4,17-diene-3,16-dione",95975-55-6,6450278,312.4,3.9,34.1,0,2,0,23,640.0
C048629,strontium chromate,########,24599,203.61,,80.3,0,4,0,6,62.2
D014750,Vincristine,,5978,825.0,2.8,171.0,3,12,10,60,1750.0
D014751,Vindesine,53643-48-4,40839,753.9,2.7,165.0,5,10,7,55,1570.0
